mac_timestamp,esp32_ms,ax,ay,az,gx,gy,gz
1778269525.2392435,22869,-4.49,3.57,6.85,-3.71,1.33,0.64
1778269525.2691848,22891,-4.29,3.52,6.69,-3.81,0.86,0.50
1778269525.2839222,22913,-4.29,3.51,6.74,-4.68,0.25,-0.35
1778269525.314286,22935,-4.32,3.48,6.76,-3.29,-0.50,-0.66
1778269525.328791,22957,-4.36,3.57,6.66,-2.71,-0.73,-0.63
1778269525.3595335,22979,-4.32,3.49,6.85,-2.28,0.08,-0.04
1778269525.373842,23001,-4.34,3.59,6.64,-2.54,0.56,-0.27
1778269525.4046173,23023,-4.32,3.71,6.68,-3.17,1.05,-0.34
1778269525.4199102,23045,-4.28,3.69,6.63,-3.99,0.91,-0.88
1778269525.43557,23067,-4.37,3.55,6.63,-4.17,1.18,-0.79
1778269525.4645622,23089,-4.33,3.58,6.72,-5.92,0.48,-1.14
1778269525.4817762,23111,-4.27,3.46,6.72,-5.83,0.32,-1.69
1778269525.5249717,23133,-4.33,3.48,6.79,-4.67,1.11,-1.84
1778269525.5269063,23155,-4.41,3.51,6.80,-4.10,1.28,-2.16
1778269525.5547993,23177,-4.28,3.52,6.73,-3.71,1.29,-2.23
1778269525.5693214,23199,-4.31,3.54,6.76,-3.73,1.85,-2.35
1778269525.5995874,23221,-4.42,3.58,6.59,-3.56,2.27,-3.26
1778269525.6152356,23243,-4.38,3.42,6.74,-3.98,2.97,-3.58
1778269525.6447358,23265,-4.48,3.37,6.68,-3.60,3.38,-4.14
1778269525.6595104,23287,-4.49,3.41,6.74,-2.86,4.34,-4.24
1778269525.6899235,23309,-4.39,3.45,6.63,-1.28,6.29,-5.35
1778269525.704442,23331,-4.59,3.51,6.65,-0.85,7.33,-6.75
1778269525.7348146,23353,-4.54,3.45,6.62,1.87,11.15,-8.79
1778269525.74948,23375,-4.15,3.63,6.46,5.48,21.23,-13.24
1778269525.7646923,23397,-4.25,3.40,6.88,9.57,30.99,-20.44
1778269525.7944436,23419,-3.90,3.44,6.64,16.75,48.85,-30.20
1778269525.8095887,23441,-4.21,3.72,7.13,17.53,72.83,-44.30
1778269525.839354,23463,-4.49,4.03,6.55,3.16,92.53,-56.66
1778269525.8539472,23485,-5.41,4.69,6.56,-15.90,109.21,-68.90
1778269525.8848124,23507,-6.17,3.46,6.28,-40.67,113.36,-78.84
1778269525.899391,23529,-6.61,3.07,6.07,-50.58,115.24,-88.18
1778269525.9299817,23551,-7.04,2.98,5.78,-47.27,115.40,-102.92
1778269525.9443314,23573,-7.30,2.91,5.69,-27.75,114.89,-118.95
1778269525.9744284,23595,-6.76,7.63,8.35,5.88,100.03,-117.09
1778269525.9895692,23617,-2.37,13.02,11.61,2.58,15.27,-80.55
1778269526.0193217,23639,0.22,11.53,8.98,12.32,-40.23,-41.47
1778269526.0347857,23661,-0.79,10.21,8.02,32.79,-70.52,-10.24
1778269526.0647075,23683,-2.45,8.94,7.41,37.98,-94.78,14.82
1778269526.079006,23705,-3.42,6.86,6.63,44.18,-103.97,30.84
1778269526.0942802,23727,-4.28,5.93,6.61,56.99,-100.84,46.26
1778269526.1245153,23749,-5.05,5.75,6.57,54.75,-93.49,59.38
1778269526.1393318,23771,-4.87,5.14,6.40,54.11,-80.99,68.72
1778269526.1693237,23793,-5.05,5.02,6.85,50.89,-72.66,72.88
1778269526.184427,23815,-5.21,4.28,7.51,48.53,-64.18,75.28
1778269526.2148688,23837,-4.45,4.32,6.25,50.07,-50.21,78.97
1778269526.2292101,23859,-5.99,4.51,7.30,25.08,-48.69,71.89
1778269526.2593236,23881,-5.15,2.79,5.91,-8.49,-49.00,46.85
1778269526.274418,23903,-5.94,2.68,6.81,-15.80,-37.95,25.44
1778269526.3043716,23925,-5.78,3.38,5.64,3.46,-20.85,28.24
1778269526.3203669,23947,-9.54,4.80,7.07,37.23,-5.44,53.76
1778269526.3500144,23969,-9.56,4.02,6.60,61.99,-2.37,90.83
1778269526.3653364,23991,-8.44,2.42,4.22,86.66,17.79,117.75
1778269526.3951683,24013,-7.63,1.35,2.51,88.69,53.69,118.63
1778269526.4096267,24035,-9.65,0.78,4.38,70.89,75.47,108.96
1778269526.4242196,24057,-11.71,-0.26,6.24,67.26,59.57,111.98
1778269526.469701,24079,-10.27,-2.40,4.86,66.49,33.77,101.56
1778269526.471326,24101,-9.06,-4.03,2.68,64.74,21.97,57.69
1778269526.5299168,24123,-11.07,-4.54,-1.16,57.37,41.80,-19.59
1778269526.5310886,24145,-12.07,-2.46,3.70,-117.05,-4.68,-121.71
1778269526.5887725,24167,-8.36,-8.08,3.97,-221.66,-75.30,-212.58
1778269526.5903451,24189,-15.45,19.62,12.20,-172.49,-75.56,-106.55
1778269526.5917404,24211,-1.55,-7.69,15.78,-135.79,-34.44,-40.05
1778269526.64904,24233,-5.75,6.18,3.09,-16.79,-10.37,-8.32
1778269526.650376,24255,-7.93,12.21,0.22,-24.92,-10.89,-5.08
1778269526.6511316,24277,-4.69,3.12,7.26,-13.40,-6.66,-5.84
1778269526.709092,24299,-4.56,3.28,6.80,-18.88,-8.97,-3.11
1778269526.7106147,24321,-4.06,2.97,6.93,-17.79,-7.60,-3.33
1778269526.7117758,24343,-4.25,2.91,7.02,-9.55,-3.85,-1.52
1778269526.769247,24365,-4.57,3.24,6.65,-5.33,-0.34,0.57
1778269526.7705078,24387,-4.59,3.40,6.63,-5.92,-0.85,0.73
1778269526.8297222,24409,-4.48,3.34,6.67,-5.99,-0.01,1.02
1778269526.8313937,24431,-4.31,3.17,6.84,-3.99,2.36,1.92
1778269526.8328147,24453,-4.43,3.34,6.72,-2.30,3.75,2.04
1778269526.889544,24475,-4.45,3.34,6.66,-2.24,3.79,1.62
1778269526.8907628,24497,-4.45,3.37,6.66,-3.04,3.39,0.92
1778269526.8915658,24519,-4.42,3.49,6.77,-5.34,1.89,-0.39
1778269526.9492824,24541,-4.39,3.35,6.73,-7.15,1.16,-1.52
1778269526.9506342,24563,-4.43,3.31,6.67,-6.83,0.75,-2.56
1778269527.0091803,24585,-4.54,3.16,6.82,-6.30,0.78,-2.73
1778269527.010427,24607,-4.58,3.19,6.88,-5.88,1.15,-2.80
1778269527.011239,24629,-4.35,3.26,6.82,-5.68,1.21,-2.91
1778269527.0692995,24651,-4.45,3.28,6.77,-4.96,2.16,-2.94
1778269527.0705345,24673,-4.42,3.14,6.50,-5.11,2.20,-3.09
1778269527.0715113,24695,-4.50,3.20,6.81,-4.69,2.22,-2.91
1778269527.1294863,24717,-4.71,3.05,6.57,-3.28,2.50,-3.72
1778269527.130918,24739,-4.52,3.18,6.77,-3.49,2.71,-2.92
1778269527.13209,24761,-4.46,3.24,6.79,-2.03,3.25,-2.68
1778269527.1894429,24783,-4.47,3.11,6.72,0.08,4.63,-2.08
1778269527.190953,24805,-4.54,3.02,6.79,1.62,5.88,-3.14
1778269527.2497795,24827,-4.61,3.24,6.77,0.96,6.93,-3.07
1778269527.2509518,24849,-4.66,3.17,6.68,0.68,7.72,-3.46
1778269527.2518353,24871,-4.65,3.22,6.62,0.10,7.02,-4.30
1778269527.3099902,24893,-4.66,3.31,6.69,0.02,6.47,-6.95
1778269527.3112261,24915,-4.52,3.19,7.06,2.17,10.25,-9.95
1778269527.3119004,24937,-4.56,3.31,6.57,8.24,20.89,-15.67
1778269527.3692703,24959,-4.39,3.24,6.86,12.79,34.85,-19.85
1778269527.370984,24981,-4.13,3.93,6.56,17.29,56.34,-31.77
1778269527.3717065,25003,-3.70,4.64,6.03,6.69,87.35,-52.92
1778269527.429486,25025,-5.00,5.67,7.25,-29.10,111.19,-76.05
1778269527.4307017,25047,-6.20,4.62,7.29,-72.25,126.58,-102.63
1778269527.4893596,25069,-6.74,3.87,7.13,-89.00,131.98,-130.41
1778269527.5496182,25091,-7.22,2.56,6.55,-66.20,138.49,-152.66
1778269527.5506952,25113,-8.19,8.61,11.04,-36.97,117.49,-139.44
1778269527.5516815,25135,-1.47,13.15,11.97,-23.83,8.74,-77.05
1778269527.5524123,25157,0.30,9.82,8.83,-11.69,-34.87,-51.09
1778269527.5531566,25179,-1.36,9.66,8.78,6.02,-74.43,-30.05
1778269527.6096787,25201,-1.83,8.83,7.52,8.09,-102.85,-4.37
1778269527.610639,25223,-2.56,7.96,5.89,15.47,-111.63,24.56
1778269527.6698194,25245,-3.24,7.26,5.61,25.72,-100.79,53.11
1778269527.671083,25267,-4.47,6.82,5.59,30.66,-85.90,81.88
1778269527.6719704,25289,-5.09,5.82,5.63,30.44,-71.63,102.34
1778269527.7294543,25311,-5.78,4.62,6.00,38.56,-54.47,112.90
1778269527.7306364,25333,-5.93,3.82,5.83,46.97,-36.28,113.47
1778269527.731721,25355,-6.67,2.24,5.85,55.93,-13.85,103.77
1778269527.789036,25377,-8.64,2.42,8.27,52.53,-19.51,84.75
1778269527.790143,25399,-7.65,0.26,7.24,37.56,-27.49,54.69
1778269527.7908669,25421,-7.36,0.58,6.95,40.21,-27.44,29.77
1778269527.8493586,25443,-7.07,0.74,6.11,35.24,-28.18,14.10
1778269527.8505988,25465,-7.23,1.40,5.53,32.21,-19.31,8.73
1778269527.9083505,25487,-7.53,2.88,5.05,21.91,-7.31,14.83
1778269527.9094281,25509,-8.04,3.00,4.67,9.10,7.94,29.73
1778269527.9102218,25531,-7.87,3.37,4.64,-7.89,16.22,47.63
1778269527.9688365,25553,-7.60,2.84,4.23,-14.44,25.96,69.56
1778269527.9699981,25575,-7.58,2.43,4.44,-19.79,36.17,88.66
1778269527.9708693,25597,-7.51,2.35,4.52,-24.48,41.82,105.93
1778269528.0292113,25619,-7.96,1.99,4.98,-35.11,34.64,112.70
1778269528.0302682,25641,-8.79,-3.49,5.48,-65.47,35.76,79.08
1778269528.0309896,25663,-13.31,-13.63,7.35,-103.97,-6.88,-9.40
1778269528.0894334,25685,-19.62,-19.62,7.53,-25.89,-72.21,-88.32
1778269528.090796,25707,-2.86,-2.08,17.73,-1.35,-30.65,57.26
1778269528.1497147,25729,-0.60,-10.46,19.62,50.58,-13.88,-10.32
1778269528.1509104,25751,-4.85,1.74,9.70,0.58,-2.18,3.72
1778269528.1517062,25773,-3.45,-3.51,6.83,-8.46,-3.46,2.37
1778269528.2093153,25795,-4.43,3.61,6.45,-12.88,-3.61,3.47
1778269528.2105377,25817,-4.20,3.45,6.75,-5.56,2.55,4.39
1778269528.2117038,25839,-4.43,3.49,6.75,-3.00,4.36,5.52
1778269528.269644,25861,-4.31,3.55,6.72,-5.02,2.80,3.28
1778269528.2707732,25883,-4.27,3.45,6.90,-4.89,3.92,1.44
1778269528.3294318,25905,-4.15,3.33,6.85,-3.70,5.56,0.78
1778269528.390646,25927,-4.41,3.44,6.68,-2.76,5.25,0.59
1778269528.3927805,25949,-4.39,3.56,6.63,-4.54,3.62,-0.71
1778269528.3942502,25971,-4.39,3.43,6.84,-5.12,3.01,-1.80
1778269528.3949368,25993,-4.40,3.35,6.80,-4.51,2.23,-2.12
1778269528.3957481,26015,-4.33,3.34,6.81,-3.70,2.37,-1.88
1778269528.4493656,26037,-4.44,3.35,6.70,-3.50,2.61,-1.50
1778269528.450849,26059,-4.37,3.31,6.95,-3.30,2.96,-1.73
1778269528.451543,26081,-4.44,3.34,6.78,-3.55,3.26,-2.24
1778269528.5100632,26103,-4.15,3.19,6.68,-3.24,4.38,-1.85
1778269528.5116882,26125,-4.49,3.29,6.76,-2.50,3.81,-1.98
1778269528.5701427,26147,-4.39,3.34,6.83,-1.69,3.40,-2.18
1778269528.5715165,26169,-4.47,3.30,6.77,-1.19,2.60,-2.61
1778269528.5722723,26191,-4.47,3.34,6.71,-1.32,2.42,-3.08
1778269528.6294994,26213,-4.43,3.16,6.76,-0.10,2.74,-2.98
1778269528.6310163,26235,-4.48,3.30,6.75,0.40,3.94,-3.13
1778269528.6324635,26257,-4.41,3.37,6.75,0.40,5.56,-4.03
1778269528.6895552,26279,-4.44,3.33,6.70,0.15,7.33,-4.28
1778269528.6911008,26301,-4.55,3.28,6.70,1.57,9.66,-5.02
1778269528.6930828,26323,-4.58,3.38,6.72,4.07,13.40,-7.53
1778269528.7497773,26345,-4.61,3.42,6.74,7.30,19.95,-12.85
1778269528.7506783,26367,-4.38,3.24,6.92,13.44,32.34,-18.94
1778269528.8110144,26389,-4.22,3.93,6.79,14.21,51.26,-30.11
1778269528.8132465,26411,-4.22,4.91,6.40,1.92,73.87,-47.93
1778269528.814493,26433,-5.10,5.59,7.32,-30.84,92.48,-70.82
1778269528.870058,26455,-6.07,4.31,7.15,-71.16,101.27,-95.23
1778269528.8710592,26477,-6.34,2.89,7.02,-74.38,100.73,-119.79
1778269528.8717768,26499,-6.55,1.65,5.30,-45.46,105.34,-137.08
1778269528.931062,26521,-7.42,3.12,6.12,-4.24,101.55,-149.89
1778269528.9330435,26543,-5.29,10.21,11.92,12.18,29.21,-114.38
1778269528.9895787,26565,0.18,10.77,10.21,26.95,-50.36,-77.79
1778269528.9914758,26587,0.42,10.20,8.13,34.34,-82.09,-46.33
1778269528.9925644,26609,-1.79,9.62,6.96,30.00,-95.15,-5.77
1778269529.0491745,26631,-2.16,7.98,5.41,28.10,-83.52,31.35
1778269529.050848,26653,-3.53,6.81,6.03,31.73,-63.03,65.66
1778269529.0518034,26675,-5.08,5.65,6.28,26.55,-50.77,90.95
1778269529.1093824,26697,-4.84,4.30,7.17,20.04,-39.56,102.73
1778269529.1107147,26719,-5.70,4.26,7.49,17.23,-32.51,104.21
1778269529.1115808,26741,-5.59,3.61,7.50,11.18,-33.98,95.40
1778269529.1698978,26763,-5.25,4.10,7.05,12.14,-30.93,84.92
1778269529.1710906,26785,-4.81,4.53,6.75,11.08,-29.01,75.60
1778269529.2293742,26807,-4.51,5.43,6.86,17.73,-24.70,74.17
1778269529.2309656,26829,-4.32,4.85,6.17,30.97,-16.48,74.22
1778269529.232072,26851,-4.38,5.21,5.37,25.50,-5.03,63.11
1778269529.2903342,26873,-5.30,4.39,6.04,17.07,-0.01,50.30
1778269529.2918277,26895,-5.40,3.99,5.64,22.68,10.00,41.21
1778269529.2929003,26917,-7.06,4.39,6.44,28.60,13.05,37.18
1778269529.3497915,26939,-7.93,3.78,6.63,46.49,7.18,46.66
1778269529.351979,26961,-7.88,3.56,6.02,60.74,7.57,54.73
1778269529.352875,26983,-7.98,2.96,5.65,66.61,8.08,60.49
1778269529.409662,27005,-8.21,2.43,5.29,71.03,12.73,64.13
1778269529.4114187,27027,-8.92,1.79,5.01,80.31,16.08,72.82
1778269529.4696014,27049,-8.75,1.18,4.20,85.09,19.62,76.42
1778269529.470767,27071,-8.64,0.01,3.62,84.32,25.17,65.89
1778269529.4716687,27093,-8.81,-0.38,3.16,83.24,25.32,49.70
1778269529.529424,27115,-8.70,-0.70,2.47,75.23,25.46,33.21
1778269529.5306344,27137,-10.62,1.66,1.56,-45.89,23.31,-30.98
1778269529.5317335,27159,-13.84,-5.50,1.54,-197.92,-14.53,-105.01
1778269529.5893614,27181,7.01,-9.15,4.96,-250.14,-22.77,-188.47
1778269529.5905867,27203,-10.90,-6.39,14.71,-151.71,-64.41,-92.12
1778269529.649536,27225,-5.75,-1.20,14.38,-70.67,-31.97,-37.55
1778269529.6507587,27247,-4.41,4.28,6.60,-22.16,-11.34,-4.78
1778269529.6520529,27269,-4.54,3.38,5.90,-23.82,-10.97,-4.86
1778269529.7100813,27291,-4.60,3.60,6.73,-25.31,-12.54,-4.78
1778269529.711734,27313,-3.91,3.03,7.05,-17.87,-9.98,-2.18
1778269529.7130635,27335,-4.05,2.85,7.28,-8.39,-4.10,1.02
1778269529.7695348,27357,-4.39,3.48,6.72,-5.56,0.19,3.67
1778269529.7710676,27379,-4.30,3.37,6.83,-4.64,1.73,4.44
1778269529.7724986,27401,-4.31,3.29,6.90,-2.78,3.34,4.69
1778269529.8293302,27423,-4.28,3.32,6.90,-0.58,4.70,3.84
1778269529.830813,27445,-4.27,3.66,6.58,-1.12,3.43,1.25
1778269529.8891757,27467,-4.29,3.58,6.73,-4.82,1.48,-1.89
1778269529.8908532,27489,-4.34,3.53,6.67,-6.25,-0.42,-2.88
1778269529.891926,27511,-4.25,3.39,6.72,-6.10,-0.65,-2.63
1778269529.9494214,27533,-4.46,3.40,6.78,-4.59,-0.72,-2.66
1778269529.9509943,27555,-4.27,3.16,6.90,-4.21,0.03,-1.86
1778269529.9518864,27577,-4.39,3.44,6.67,-2.85,0.08,-0.95
1778269530.010122,27599,-4.36,3.37,6.74,-3.18,0.17,-1.56
1778269530.0118783,27621,-4.29,3.31,6.93,-2.15,-0.69,-1.99
1778269530.0130606,27643,-4.45,3.33,6.96,-1.80,-1.22,-2.01
1778269530.0693955,27665,-4.24,3.44,6.84,-1.86,-0.34,-1.98
1778269530.0708833,27687,-4.41,3.35,6.84,-1.33,0.07,-1.46
1778269530.1298666,27709,-4.33,3.29,6.84,-0.94,0.92,-1.21
1778269530.1316874,27731,-4.32,3.23,6.83,-0.69,1.09,-1.83
1778269530.1330583,27753,-4.33,3.24,6.99,-1.15,1.29,-2.19
1778269530.1892028,27775,-4.39,3.32,6.89,0.24,2.51,-3.07
1778269530.1908655,27797,-4.33,3.38,6.84,0.05,2.78,-3.94
1778269530.1918561,27819,-4.36,3.33,6.93,0.08,3.83,-5.52
1778269530.2498026,27841,-4.40,3.34,6.68,-0.17,4.69,-7.86
1778269530.2516391,27863,-4.53,3.42,6.75,1.05,7.63,-11.05
1778269530.3093894,27885,-4.36,3.70,6.65,0.94,13.94,-18.89
1778269530.3119543,27907,-4.33,3.83,6.38,3.19,27.55,-29.10
1778269530.313332,27929,-3.53,4.40,6.72,2.52,45.82,-35.39
1778269530.3697393,27951,-4.31,4.70,7.93,-7.89,80.21,-58.34
1778269530.3712964,27973,-4.39,4.45,7.52,-36.79,105.60,-77.16
1778269530.3728583,27995,-5.24,2.80,6.88,-49.82,131.27,-103.55
1778269530.4293072,28017,-7.44,3.26,6.59,-45.15,140.79,-137.18
1778269530.4313314,28039,-8.68,3.99,5.83,-38.18,138.18,-166.77
1778269530.4322553,28061,-11.41,6.13,7.21,-49.10,97.01,-185.95
1778269530.4897609,28083,-8.80,5.61,8.11,-44.80,67.72,-190.07
1778269530.491492,28105,-4.13,10.37,7.95,-17.02,12.58,-144.06
1778269530.5497468,28127,-0.90,10.44,6.60,-10.11,-20.92,-101.35
1778269530.5520737,28149,0.54,11.69,5.84,14.78,-29.24,-44.25
1778269530.5536075,28171,0.55,11.57,5.53,13.25,-35.63,14.33
1778269530.6095607,28193,-0.58,9.45,6.72,22.03,-43.25,69.05
1778269530.611679,28215,-2.60,7.45,7.82,34.62,-58.66,102.89
1778269530.614446,28237,-4.95,5.55,8.45,44.40,-83.89,115.68
1778269530.6706583,28259,-6.07,4.63,7.56,52.38,-99.31,117.95
1778269530.6724951,28281,-6.97,4.15,6.39,66.49,-96.79,117.35
1778269530.6738276,28303,-7.18,4.22,5.44,75.91,-83.49,115.55
1778269530.7302341,28325,-8.08,4.90,5.93,75.18,-67.58,111.59
1778269530.7325559,28347,-9.18,5.13,6.09,63.47,-57.37,106.59
1778269530.7897325,28369,-6.61,3.99,3.30,61.00,-34.90,102.56
1778269530.791809,28391,-9.39,3.89,7.36,22.50,-31.86,78.50
1778269530.7927787,28413,-6.69,1.03,6.54,11.18,-20.85,54.62
1778269530.8498158,28435,-6.57,1.93,6.41,72.15,17.25,63.28
1778269530.8519888,28457,-7.62,3.73,6.50,118.37,50.82,89.42
1778269530.8536725,28479,-10.09,5.43,6.59,113.22,52.63,112.77
1778269530.9109662,28501,-10.61,4.34,6.83,75.88,34.74,125.03
1778269530.9124753,28523,-9.75,2.36,5.68,58.85,25.30,135.46
1778269530.9691653,28545,-8.71,0.68,4.12,51.26,34.70,132.16
1778269530.9703658,28567,-9.28,-1.13,3.44,53.92,49.73,118.44
1778269530.9711702,28589,-9.19,-2.63,2.64,72.24,64.11,97.53
1778269531.030195,28611,-9.13,-2.82,1.84,83.52,78.49,63.69
1778269531.0317864,28633,-9.99,-1.62,1.83,79.03,80.14,33.42
1778269531.0328836,28655,-19.62,-0.51,1.02,-49.27,75.80,-51.40
1778269531.0887773,28677,-15.13,-6.21,1.31,-250.14,-7.60,-127.03
1778269531.089748,28699,-13.10,19.62,1.12,-250.14,-70.61,-144.21
1778269531.0907426,28721,-3.05,-3.10,7.52,-186.15,-70.96,-96.18
1778269531.150039,28743,-7.00,-0.77,14.34,-98.20,-42.96,-49.34
1778269531.1522248,28765,-5.56,5.90,5.22,-59.33,-23.46,-16.44
1778269531.209862,28787,-5.34,3.70,6.92,-45.24,-21.31,-13.74
1778269531.2121751,28809,-4.60,2.32,8.20,-30.61,-15.87,-10.25
1778269531.2137127,28831,-4.22,2.78,7.62,-18.19,-11.03,-5.55
1778269531.2698483,28853,-4.37,3.22,6.89,-11.35,-5.26,-1.47
1778269531.2718253,28875,-4.28,3.38,6.68,-6.47,-1.07,1.34
1778269531.2730646,28897,-4.29,3.37,7.00,-4.46,0.14,1.02
1778269531.3308232,28919,-4.15,3.30,6.89,-1.93,2.45,1.42
1778269531.333056,28941,-4.31,3.58,6.72,-2.23,2.18,0.79
1778269531.3341541,28963,-4.30,3.53,6.67,-4.37,0.56,-1.63
1778269531.389455,28985,-4.25,3.40,6.81,-4.89,-0.98,-3.49
1778269531.3915305,29007,-4.20,3.20,7.12,-4.21,-1.34,-4.79
1778269531.4508362,29029,-4.28,3.33,6.79,-4.84,-1.96,-5.24
1778269531.4537685,29051,-4.24,3.08,7.02,-4.26,-2.04,-4.63
1778269531.4549365,29073,-4.28,3.26,6.97,-3.01,-0.93,-3.72
1778269531.5109947,29095,-4.24,3.29,6.88,-1.64,0.11,-2.82
1778269531.515213,29117,-4.31,3.37,6.90,-2.14,-0.40,-2.68
1778269531.5163856,29139,-4.24,3.05,6.85,-0.85,-0.08,-1.96
1778269531.5695524,29161,-4.35,3.24,6.95,0.08,0.44,-0.99
1778269531.571472,29183,-4.25,3.27,6.82,1.18,1.04,-1.04
1778269531.6293216,29205,-4.27,3.22,6.82,3.01,2.00,-1.43
1778269531.6315043,29227,-4.20,3.39,6.76,3.08,3.51,-1.15
1778269531.6327279,29249,-4.40,3.63,6.77,0.30,3.43,-1.41
1778269531.6899326,29271,-4.30,3.58,6.91,-1.21,4.38,-3.28
1778269531.6918955,29293,-4.11,3.49,6.95,-0.32,7.79,-7.87
1778269531.6929216,29315,-4.12,4.00,6.59,0.47,20.94,-20.85
1778269531.7489665,29337,-2.87,5.02,6.37,-4.82,48.44,-40.46
1778269531.7504747,29359,-2.16,6.97,7.88,-28.24,103.52,-78.77
1778269531.751739,29381,-4.36,5.48,8.26,-82.92,142.38,-124.37
1778269531.8102949,29403,-7.28,4.33,9.60,-87.36,157.73,-169.73
1778269531.8123677,29425,-10.16,8.30,7.73,-125.15,121.80,-229.50
1778269531.8697617,29447,-9.93,4.66,7.76,-150.34,84.29,-250.14
1778269531.8719468,29469,-5.90,10.68,11.63,-50.87,28.21,-167.12
1778269531.8736212,29491,3.33,11.29,5.05,48.38,-12.22,-86.93
1778269531.9311965,29513,2.81,11.60,3.72,77.08,-11.63,-44.49
1778269531.932941,29535,-0.52,10.32,6.83,93.11,-34.72,-4.66
1778269531.9346497,29557,-1.16,8.77,6.63,95.37,-64.47,27.34
1778269531.9901748,29579,-2.25,7.28,6.89,105.48,-78.34,56.98
1778269531.991631,29601,-3.43,6.85,6.82,108.08,-78.03,84.41
1778269531.9927292,29623,-4.98,6.17,6.99,104.24,-70.48,106.15
1778269532.0497131,29645,-6.76,5.65,7.91,104.66,-61.11,122.11
1778269532.0516083,29667,-7.53,5.28,6.63,98.33,-46.38,125.99
1778269532.1100273,29689,-7.06,4.62,5.56,96.19,-24.07,119.56
1778269532.1120808,29711,-8.99,2.44,6.82,89.92,3.99,100.34
1778269532.1135676,29733,-6.92,1.65,7.76,44.70,-33.91,68.81
1778269532.1697273,29755,-5.75,0.59,6.18,93.27,18.29,71.92
1778269532.1716027,29777,-7.66,3.75,5.86,108.36,58.50,85.11
1778269532.1727731,29799,-11.47,3.65,8.50,104.62,64.69,108.25
1778269532.229878,29821,-10.56,3.45,7.93,82.48,41.60,131.66
1778269532.2313867,29843,-8.88,1.41,5.86,44.18,34.13,135.12
1778269532.2908626,29865,-8.59,-1.16,4.96,29.85,36.03,123.17
1778269532.292982,29887,-7.77,-3.43,3.72,47.08,46.30,92.45
1778269532.2940352,29909,-7.91,-2.99,3.74,72.69,56.39,49.39
1778269532.3497112,29931,-9.13,-0.91,4.16,77.27,46.29,16.21
1778269532.3512905,29953,-9.45,0.92,4.15,60.03,22.38,-1.87
1778269532.3523393,29975,-8.05,1.07,3.34,30.76,3.27,-15.01
1778269532.4097855,29997,1.89,19.62,7.39,-38.59,109.18,-77.43
1778269532.412931,30019,-9.99,-6.00,-2.97,-250.14,-59.29,-130.42
1778269532.4139044,30041,-9.75,-13.28,19.62,-250.14,-172.97,-145.87
1778269532.4704728,30063,-3.72,2.90,4.27,-189.76,-66.55,-77.08
1778269532.4726505,30085,-7.86,-4.55,16.81,-43.40,-19.70,-27.15
1778269532.5312858,30107,-5.00,5.33,5.37,-15.35,-5.36,3.40
1778269532.5334208,30129,-4.52,5.48,4.52,-24.97,-8.83,-1.89
1778269532.5350947,30151,-4.65,3.32,6.71,-36.92,-12.01,-10.62
1778269532.5892274,30173,-4.01,3.02,7.17,-24.01,-8.02,-6.09
1778269532.5922773,30195,-4.31,3.23,7.11,-16.23,-4.34,-1.89
1778269532.5933733,30217,-4.56,3.26,6.79,-12.00,-0.43,0.57
1778269532.6493201,30239,-4.49,3.35,6.64,-9.73,0.05,0.70
1778269532.6510828,30261,-4.19,3.31,7.00,-6.34,2.01,1.35
1778269532.65208,30283,-4.54,3.21,6.72,-2.03,4.25,-1.91
1778269532.710972,30305,-4.39,3.49,6.71,-4.26,2.99,-0.34
1778269532.7135062,30327,-4.37,3.46,6.69,-4.34,2.91,-2.18
1778269532.7695534,30349,-4.40,3.34,6.74,-4.12,2.58,-2.98
1778269532.7716408,30371,-4.44,3.42,6.78,-5.67,1.58,-4.01
1778269532.7731323,30393,-4.52,3.35,6.68,-6.04,0.70,-4.64
1778269532.83023,30415,-4.42,3.16,6.86,-4.48,1.44,-3.46
1778269532.8320134,30437,-4.42,3.32,6.83,-3.07,2.68,-2.54
1778269532.8334332,30459,-4.48,3.24,6.86,-3.31,2.88,-2.21
1778269532.8896782,30481,-4.38,3.15,6.81,-3.37,2.15,-1.82
1778269532.891553,30503,-4.40,3.33,6.73,-2.68,2.05,-1.38
1778269532.9503684,30525,-4.49,3.24,6.86,-2.24,1.69,-2.14
1778269532.9519567,30547,-4.32,3.16,6.86,-0.29,2.84,-2.89
1778269532.953268,30569,-4.54,3.29,6.69,-0.45,2.80,-2.82
1778269533.0103025,30591,-4.51,3.23,6.72,-0.41,3.02,-2.87
1778269533.0127885,30613,-4.34,3.22,7.02,0.24,4.21,-3.30
1778269533.0141208,30635,-4.57,3.30,6.82,0.53,4.70,-3.50
1778269533.06965,30657,-4.53,3.42,6.61,-0.31,4.85,-3.92
1778269533.0712483,30679,-4.51,3.38,6.66,-0.95,5.76,-6.11
1778269533.0722656,30701,-4.47,3.35,6.83,-0.02,8.50,-7.27
1778269533.1302965,30723,-4.46,3.26,6.76,2.52,13.42,-7.76
1778269533.1324518,30745,-4.50,3.25,6.88,6.53,20.86,-12.85
1778269533.1909235,30767,-4.29,3.72,6.48,11.41,34.48,-23.30
1778269533.1927729,30789,-3.48,4.15,6.54,14.32,64.63,-40.65
1778269533.1939974,30811,-3.66,3.89,7.41,2.52,94.33,-52.33
1778269533.2491324,30833,-4.62,4.91,7.62,-16.63,126.07,-67.10
1778269533.2506928,30855,-5.77,4.64,6.56,-56.01,145.41,-97.31
1778269533.2514155,30877,-7.31,4.46,6.84,-80.58,146.39,-125.76
1778269533.3089197,30899,-8.45,3.16,8.23,-69.40,146.41,-145.68
1778269533.311146,30921,-7.55,9.02,11.86,-50.39,145.21,-140.29
1778269533.3122768,30943,1.29,12.76,13.21,-19.45,22.12,-70.73
1778269533.369295,30965,0.78,10.77,12.01,-5.60,-30.05,-52.15
1778269533.3708735,30987,0.12,9.89,9.84,18.71,-85.09,-27.69
1778269533.4302557,31009,-1.01,8.92,7.81,19.79,-113.35,-9.11
1778269533.4324584,31031,-1.87,8.34,6.24,23.02,-116.50,14.31
1778269533.43351,31053,-2.65,8.31,5.65,31.18,-98.88,49.37
1778269533.505153,31075,-3.74,8.19,5.98,30.81,-80.21,85.24
1778269533.5508015,31097,-4.45,6.95,6.18,33.11,-60.60,110.67
1778269533.5537941,31119,-5.06,5.76,5.93,40.00,-41.64,122.18
1778269533.5553546,31141,-5.88,4.82,6.23,48.49,-25.95,121.94
1778269533.5564237,31163,-7.02,4.15,7.28,49.01,-26.22,108.78
1778269533.5577612,31185,-9.38,2.51,8.52,34.84,-45.64,79.19
1778269533.6107793,31207,-7.31,0.03,6.55,12.20,-59.56,32.66
1778269533.614903,31229,-7.65,-0.23,5.95,25.83,-50.71,-0.40
1778269533.669309,31251,-7.93,1.47,5.85,35.92,-40.98,-15.49
1778269533.670738,31273,-6.72,3.25,4.85,50.22,-28.37,2.56
1778269533.671634,31295,-6.87,4.27,3.90,87.40,7.66,47.29
1778269533.7305229,31317,-8.84,6.39,4.31,81.65,24.42,86.45
1778269533.7320266,31339,-7.86,4.72,3.08,49.00,37.66,109.12
1778269533.733257,31361,-8.20,3.31,3.21,37.44,64.31,119.47
1778269533.7897458,31383,-10.04,2.57,5.66,41.56,69.85,135.08
1778269533.791311,31405,-9.50,-0.44,3.99,-3.99,45.73,111.48
1778269533.8507764,31427,-10.59,-7.75,3.25,-12.33,33.24,54.19
1778269533.8523026,31449,-15.86,-9.98,1.77,-27.73,23.71,-32.85
1778269533.8535237,31471,-19.62,-19.62,9.87,-214.05,-96.05,-164.02
1778269533.912088,31493,-19.62,19.62,-15.89,-181.31,-131.66,-85.94
1778269533.9154975,31515,-6.25,-4.28,13.88,-27.13,-24.21,-14.92
1778269533.9165456,31537,-3.70,2.51,8.17,-12.75,-6.82,-7.02
1778269533.9695275,31559,-3.21,2.32,13.95,-7.18,-6.98,-5.85
1778269533.971399,31581,-4.51,3.77,6.59,-24.18,-14.17,-5.79
1778269533.9722807,31603,-4.18,3.19,7.09,-8.89,-4.90,-1.73
1778269534.0298848,31625,-4.22,3.20,6.91,-4.25,-0.24,-0.74
1778269534.03127,31647,-4.34,3.57,6.72,-3.58,1.63,-0.69
1778269534.0895483,31669,-4.33,3.29,6.92,-4.27,1.71,-1.88
1778269534.1505697,31691,-4.27,3.36,6.90,-3.36,2.23,-1.89
1778269534.1518588,31713,-4.24,3.14,6.85,-0.95,3.71,-2.89
1778269534.1528049,31735,-4.30,3.37,6.81,-1.99,5.85,-2.14
1778269534.1535504,31757,-4.44,3.34,6.62,-1.79,6.44,-2.96
1778269534.1544957,31779,-4.45,3.38,6.75,-2.44,5.49,-3.21
1778269534.2098017,31801,-4.46,3.32,6.76,-3.27,4.91,-4.44
1778269534.211038,31823,-4.40,3.35,6.64,-3.30,5.80,-5.36
1778269534.2690759,31845,-4.45,3.34,6.71,-2.69,5.79,-6.53
1778269534.2710545,31867,-4.55,3.25,6.68,-2.63,5.56,-6.98
1778269534.2722476,31889,-4.62,3.32,6.65,-2.37,6.05,-6.93
1778269534.329702,31911,-4.56,3.34,6.61,-3.41,6.11,-6.46
1778269534.3314807,31933,-4.59,3.18,6.57,-2.24,6.20,-6.76
1778269534.3327227,31955,-4.49,3.25,6.87,-1.51,6.85,-6.07
1778269534.3894556,31977,-4.54,3.14,6.63,-0.53,9.63,-7.69
1778269534.3911035,31999,-4.55,3.19,6.77,2.00,13.78,-8.86
1778269534.3923862,32021,-4.47,3.13,6.75,3.62,19.75,-10.76
1778269534.4498038,32043,-4.56,3.36,6.50,4.30,27.45,-12.85
1778269534.4515362,32065,-4.51,3.27,6.83,3.27,39.64,-18.69
1778269534.5104356,32087,-4.34,3.55,6.88,4.42,57.63,-27.77
1778269534.5158417,32109,-4.12,3.92,6.62,-0.32,82.67,-43.01
1778269534.5172257,32131,-4.43,4.30,7.00,-11.07,120.64,-58.25
1778269534.5699635,32153,-5.42,5.91,6.42,-51.57,150.83,-87.66
1778269534.6307814,32175,-7.27,6.15,6.96,-110.09,157.89,-131.69
1778269534.6340413,32197,-8.00,4.50,7.40,-143.95,145.27,-179.03
1778269534.6353383,32219,-11.29,3.27,8.56,-134.96,136.68,-211.73
1778269534.6369169,32241,-10.66,9.98,13.80,-121.80,130.35,-194.19
1778269534.6385953,32263,2.04,16.51,8.61,-47.97,-8.83,-63.44
1778269534.6891844,32285,1.99,9.98,6.04,-9.30,-18.50,-25.01
1778269534.6910248,32307,-2.24,10.74,7.74,28.76,-48.98,3.09
1778269534.7497203,32329,-4.33,9.03,7.49,22.66,-86.92,28.23
1778269534.751926,32351,-4.05,6.76,6.58,35.42,-104.61,52.73
1778269534.7532983,32373,-4.78,6.15,6.18,41.36,-102.69,72.27
1778269534.8097904,32395,-5.21,5.42,6.41,41.49,-103.30,93.60
1778269534.8113854,32417,-5.87,5.31,5.74,38.24,-95.18,112.75
1778269534.8131485,32439,-6.27,4.41,5.24,38.95,-77.31,127.58
1778269534.8697069,32461,-7.18,4.29,4.87,37.89,-58.08,141.24
1778269534.8714468,32483,-7.05,4.34,5.03,35.89,-40.61,152.13
1778269534.930963,32505,-7.58,3.64,5.12,34.04,-26.13,152.95
1778269534.9333508,32527,-8.80,3.44,6.62,29.36,-26.49,146.40
1778269534.934689,32549,-7.80,2.01,4.98,30.54,-19.97,130.43
1778269534.9894533,32571,-9.45,1.55,7.16,10.46,-35.18,99.11
1778269534.9912577,32593,-8.56,-0.33,6.96,3.10,-40.40,60.16
1778269534.9926515,32615,-6.88,0.67,7.74,67.21,-30.82,60.46
1778269535.0493047,32637,-7.04,2.72,2.39,96.02,6.68,62.72
1778269535.0511842,32659,-9.90,0.56,3.69,19.52,21.47,54.20
1778269535.0521502,32681,-10.70,-1.77,5.43,28.82,52.05,69.75
1778269535.17055,32703,-13.92,-1.50,6.69,4.49,34.35,77.53
1778269535.1729887,32725,-12.63,-7.94,2.51,-23.48,30.34,54.07
1778269535.1746926,32747,-19.62,-15.85,5.62,-77.28,51.13,-18.40
1778269535.1759717,32769,-19.62,-19.62,7.59,-197.85,-74.98,-135.54
1778269535.1788094,32791,0.38,-1.26,7.65,-35.59,-23.90,13.12
1778269535.2314746,32813,-4.62,-1.24,12.52,-24.19,-6.05,-9.11
1778269535.233523,32835,-5.02,3.96,6.14,-41.35,-16.85,-6.28
1778269535.2344398,32857,-4.87,3.83,6.56,-20.82,-10.73,-6.02
1778269535.2903948,32879,-4.11,3.14,7.08,-10.50,-4.72,-1.44
1778269535.2921252,32901,-4.35,3.11,6.88,-7.53,-2.56,-2.47
1778269535.2935417,32923,-4.22,3.71,6.58,-6.41,-0.44,-1.98
1778269535.350202,32945,-4.30,3.24,6.91,-6.08,0.18,-2.52
1778269535.3519325,32967,-4.20,3.03,7.07,-3.44,3.08,-2.31
1778269535.4092124,32989,-4.13,3.51,6.71,-2.31,6.53,-3.37
1778269535.4107456,33011,-4.29,3.26,6.90,-1.35,8.08,-4.03
1778269535.4121284,33033,-4.37,3.35,6.74,-1.60,9.47,-5.10
1778269535.4695501,33055,-4.38,3.18,6.81,-1.98,9.37,-6.04
1778269535.4709527,33077,-4.45,3.10,6.77,-2.21,9.28,-6.76
1778269535.471589,33099,-4.45,3.18,6.83,-1.73,10.20,-7.86
1778269535.528528,33121,-4.56,3.10,6.79,-1.79,10.13,-7.83
1778269535.5300405,33143,-4.59,3.15,6.76,-2.47,9.50,-7.21
1778269535.5891285,33165,-4.68,3.27,6.65,-2.85,7.79,-7.63
1778269535.590361,33187,-4.63,3.01,6.78,-2.18,6.53,-8.06
1778269535.5912533,33209,-4.60,3.06,6.79,-1.85,5.86,-7.43
1778269535.6500373,33231,-4.67,3.10,6.78,-1.51,6.23,-7.04
1778269535.651782,33253,-4.62,3.14,6.85,-1.34,7.27,-9.82
1778269535.6530538,33275,-4.59,3.15,6.76,-0.20,11.95,-10.80
1778269535.7103424,33297,-4.51,3.18,6.95,-0.50,20.19,-11.29
1778269535.7131636,33319,-4.43,3.10,6.80,-1.21,31.09,-14.71
1778269535.7152152,33341,-4.41,3.06,6.76,1.50,45.09,-21.61
1778269535.771234,33363,-4.47,3.87,6.69,-0.32,71.25,-37.63
1778269535.7729676,33385,-4.12,5.08,7.06,-19.19,107.81,-60.15
1778269535.830805,33407,-5.27,5.92,6.95,-69.55,139.82,-94.61
1778269535.8328986,33429,-6.86,4.67,7.94,-114.20,158.97,-132.46
1778269535.8340795,33451,-7.48,4.18,7.73,-140.21,152.67,-170.27
1778269535.89865,33473,-11.42,3.24,8.61,-132.60,148.96,-202.57
1778269535.900651,33495,-11.47,5.73,9.37,-110.50,143.00,-211.74
1778269535.9017456,33517,-4.36,14.42,11.32,-14.10,-2.21,-92.00
1778269535.9580822,33539,0.79,10.69,5.43,5.33,-39.97,-71.21
1778269535.9594991,33561,-2.30,10.99,6.73,59.69,-66.79,-36.11
1778269535.960268,33583,-3.47,10.36,5.94,63.94,-95.61,6.99
1778269536.0116289,33605,-2.49,7.10,5.11,66.71,-100.48,38.72
1778269536.0131574,33627,-3.62,6.14,5.63,81.54,-88.59,62.85
1778269536.0870728,33649,-4.88,5.82,6.75,77.11,-88.91,82.92
1778269536.088939,33671,-5.05,5.24,6.50,68.38,-80.45,102.24
1778269536.094744,33693,-5.26,4.65,6.85,68.58,-61.91,118.70
1778269536.1317508,33715,-5.71,4.01,6.98,67.53,-45.43,128.12
1778269536.132977,33737,-6.33,3.83,7.41,65.95,-38.42,130.91
1778269536.1336513,33759,-5.98,3.56,7.34,62.45,-28.39,128.51
1778269536.2020152,33781,-6.19,2.73,7.49,60.08,-24.79,119.38
1778269536.2033293,33803,-5.34,2.73,6.65,66.72,-14.38,104.65
1778269536.2700036,33825,-7.62,2.31,9.18,42.89,-27.05,71.41
1778269536.2712698,33847,-5.99,-0.14,8.10,45.02,-26.80,45.59
1778269536.2722054,33869,-6.68,2.24,7.96,105.21,1.19,61.04
1778269536.3335776,33891,-9.53,5.06,7.59,133.21,12.12,100.18
1778269536.3351076,33913,-9.81,5.50,7.19,92.76,-10.06,127.84
1778269536.33585,33935,-7.12,1.09,3.75,57.29,-4.71,135.63
1778269536.4109468,33957,-8.38,-1.12,1.19,25.47,44.02,113.24
1778269536.4130182,33979,-13.49,-4.06,3.35,12.06,71.31,99.15
1778269536.4142008,34001,-15.79,-9.17,1.97,-39.18,63.26,44.89
1778269536.4296474,34023,-19.03,-19.18,-2.16,-129.77,42.83,-80.98
1778269536.434591,34045,-15.90,0.37,19.62,-250.14,-95.63,-193.01
1778269536.5192757,34067,-4.53,-3.26,16.13,-106.12,-25.37,-42.26
1778269536.521285,34089,-9.08,2.02,9.14,-32.39,-22.54,-13.78
1778269536.5225413,34111,-4.87,-0.75,11.86,-6.85,-18.08,-16.39
1778269536.5491352,34133,-4.54,3.49,6.90,-22.40,-13.85,-7.88
1778269536.5506637,34155,-4.26,2.99,7.17,-13.79,-8.65,-3.76
1778269536.5513978,34177,-4.51,3.13,7.20,-7.12,-2.90,-1.41
1778269536.6091855,34199,-4.34,3.32,7.00,-3.86,-1.37,-1.06
1778269536.6106675,34221,-4.33,3.32,6.92,-3.84,-1.51,-1.54
1778269536.6117399,34243,-4.08,3.34,6.85,-4.27,0.08,-1.28
1778269536.6719918,34265,-4.21,3.33,6.67,-4.38,1.67,-1.47
1778269536.673855,34287,-4.20,3.08,6.96,-3.31,3.99,-1.24
1778269536.7304497,34309,-4.25,3.35,6.84,-2.80,4.98,-1.43
1778269536.731733,34331,-4.30,3.26,6.91,-4.74,3.53,-2.26
1778269536.7325428,34353,-4.31,3.20,6.88,-5.08,2.84,-2.56
1778269536.789816,34375,-4.28,2.97,7.00,-2.71,3.92,-3.01
1778269536.791054,34397,-4.34,3.17,6.99,-3.07,4.47,-3.05
1778269536.7918756,34419,-4.33,3.22,6.87,-3.40,4.08,-3.36
1778269536.8500814,34441,-4.33,3.12,6.96,-2.88,4.05,-4.06
1778269536.8515627,34463,-4.31,3.07,6.83,-2.47,4.20,-2.98
1778269536.9095795,34485,-4.41,3.21,6.87,-2.32,4.27,-2.93
1778269536.910671,34507,-4.39,3.27,6.90,-2.42,3.80,-2.96
1778269536.91167,34529,-4.29,3.19,6.94,-2.56,5.56,-3.51
1778269536.9690921,34551,-4.38,3.09,6.84,-1.76,8.79,-4.34
1778269536.970834,34573,-4.39,3.13,6.85,-1.05,11.02,-5.63
1778269536.9727728,34595,-4.30,3.21,6.86,-0.69,13.29,-5.85
1778269537.0295508,34617,-4.56,3.06,7.04,0.46,17.45,-7.69
1778269537.030764,34639,-4.52,3.08,7.02,2.07,20.68,-8.20
1778269537.0316594,34661,-4.67,3.54,6.61,6.28,31.95,-16.30
1778269537.1490753,34683,-4.17,3.59,6.88,10.82,48.36,-32.18
1778269537.1508572,34705,-3.95,4.30,6.53,5.12,79.60,-47.95
1778269537.151823,34727,-4.53,5.35,6.74,-26.40,101.36,-67.79
1778269537.1528685,34749,-5.76,5.11,6.97,-68.12,122.06,-92.92
1778269537.153792,34771,-7.59,4.16,7.88,-97.92,123.57,-121.35
1778269537.2091076,34793,-6.60,2.75,6.16,-102.82,121.53,-150.11
1778269537.210344,34815,-9.62,2.13,6.92,-67.94,123.64,-168.34
1778269537.2111754,34837,-7.98,14.25,14.70,-7.00,56.91,-107.36
1778269537.2695818,34859,2.59,13.46,6.11,-16.02,-0.42,-59.41
1778269537.330475,34881,0.54,10.71,8.14,31.18,-19.31,-26.56
1778269537.3322465,34903,-1.42,9.94,7.92,43.06,-50.93,-3.93
1778269537.3334265,34925,-2.43,7.80,8.16,46.35,-78.78,16.44
1778269537.3343222,34947,-3.15,6.85,7.44,53.50,-90.31,35.69
1778269537.389436,34969,-3.98,6.39,7.22,53.60,-89.27,52.83
1778269537.4493942,34991,-4.34,6.48,6.79,51.56,-81.04,73.79
1778269537.4510298,35013,-4.44,5.86,6.36,45.45,-66.09,90.27
1778269537.4520516,35035,-4.43,4.94,5.90,47.00,-45.47,99.02
1778269537.4528303,35057,-5.15,4.76,6.50,51.74,-29.74,105.02
1778269537.4536245,35079,-5.91,4.42,7.29,43.38,-26.92,102.24
1778269537.5093148,35101,-6.28,3.00,7.97,42.33,-26.78,92.39
1778269537.511227,35123,-6.76,3.45,7.78,30.60,-33.18,73.68
1778269537.5695972,35145,-6.51,2.54,7.30,19.64,-33.31,53.10
1778269537.5706248,35167,-5.93,2.67,6.61,55.33,-11.98,58.51
1778269537.5717013,35189,-8.60,4.61,6.36,116.54,12.34,90.29
1778269537.6310825,35211,-9.42,5.89,6.08,102.13,6.52,107.80
1778269537.6327672,35233,-8.93,4.17,5.44,67.60,-4.66,112.18
1778269537.6335974,35255,-8.35,2.36,4.79,57.19,3.14,113.47
1778269537.6892183,35277,-8.73,1.04,4.28,53.40,18.57,108.99
1778269537.7513318,35299,-9.35,-0.50,4.36,59.58,32.30,96.72
1778269537.75241,35321,-9.94,-1.99,4.48,74.44,38.01,79.31
1778269537.753314,35343,-12.95,-4.03,4.80,58.40,41.53,34.61
1778269537.754047,35365,-13.56,-3.76,3.85,-12.89,34.32,-13.67
1778269537.8088832,35387,-16.99,-7.86,1.30,-126.40,2.92,-88.17
1778269537.8109517,35409,-10.49,-19.62,-2.02,-221.40,-4.18,-210.89
1778269537.8125365,35431,-14.60,11.50,5.42,-140.40,-121.50,-124.01
1778269537.8709614,35453,-3.51,-3.49,14.80,-125.66,-42.89,-48.17
1778269537.8723004,35475,-3.20,5.70,5.27,-53.47,-24.46,-20.63
1778269537.873323,35497,-6.00,5.92,5.60,-32.17,-18.89,-12.98
1778269537.9289658,35519,-4.24,2.72,7.30,-25.00,-19.69,-7.92
1778269537.9311044,35541,-4.10,2.82,7.27,-12.18,-14.35,-5.37
1778269537.9325953,35563,-4.26,3.03,7.03,-4.51,-6.32,-2.27
1778269537.9899876,35585,-4.37,3.65,6.75,-3.02,-2.95,-0.54
1778269537.9923043,35607,-4.39,3.52,6.84,-5.09,-2.08,-0.26
1778269538.051785,35629,-4.16,3.36,6.90,-4.42,-0.09,0.60
1778269538.0539157,35651,-4.03,3.19,6.87,-1.64,2.91,1.31
1778269538.0563426,35673,-4.25,3.44,6.78,-0.51,4.29,1.21
1778269538.1114562,35695,-4.33,3.56,6.82,-1.21,3.48,0.36
1778269538.11361,35717,-4.07,3.46,6.68,-2.52,1.85,-0.48
1778269538.1150389,35739,-4.01,3.28,6.88,-4.01,1.27,-1.40
1778269538.171432,35761,-4.27,3.44,6.77,-3.11,2.47,-1.50
1778269538.173882,35783,-4.30,3.45,6.73,-3.71,2.18,-2.50
1778269538.2307916,35805,-4.35,3.35,6.74,-5.07,2.00,-2.61
1778269538.2896452,35827,-4.08,3.33,6.68,-5.65,1.88,-2.74
1778269538.2912185,35849,-4.26,3.32,6.86,-4.00,2.40,-3.02
1778269538.292154,35871,-4.22,3.28,6.93,-4.31,2.92,-3.06
1778269538.2929995,35893,-4.33,3.35,6.70,-3.52,4.02,-3.16
1778269538.2937589,35915,-4.33,3.31,6.73,-1.66,5.15,-2.56
1778269538.3493884,35937,-4.37,3.27,6.83,-0.95,7.11,-3.28
1778269538.3514817,35959,-4.39,3.47,6.79,-0.85,8.93,-4.88
1778269538.3524888,35981,-4.47,3.35,7.16,-2.08,10.41,-6.35
1778269538.4703414,36003,-4.48,3.27,6.66,-1.72,14.46,-9.79
1778269538.4723032,36025,-4.43,3.31,6.69,0.36,19.93,-15.01
1778269538.473645,36047,-4.22,3.81,6.80,3.49,29.90,-24.01
1778269538.47472,36069,-3.99,3.98,7.23,4.18,56.35,-43.14
1778269538.4757137,36091,-3.28,4.05,6.91,-2.13,103.33,-57.80
1778269538.5305014,36113,-3.78,4.55,7.46,-26.15,146.47,-75.88
1778269538.5326862,36135,-4.90,5.14,7.41,-61.79,193.53,-106.21
1778269538.5335987,36157,-7.58,5.98,7.77,-105.80,207.36,-154.24
1778269538.5905323,36179,-9.36,5.26,6.92,-147.09,183.66,-213.03
1778269538.5923517,36201,-13.97,3.31,9.19,-169.11,135.85,-250.14
1778269538.5935426,36223,-13.52,10.76,15.05,-69.58,60.53,-156.31
1778269538.6509502,36245,7.48,13.10,4.58,2.99,-30.93,-80.67
1778269538.7122803,36267,3.70,12.62,6.90,57.89,-55.16,-48.29
1778269538.714166,36289,0.15,13.31,7.22,86.82,-108.08,5.69
1778269538.7156281,36311,-0.96,9.66,5.75,90.62,-131.87,48.24
1778269538.7167053,36333,-4.13,7.65,6.02,116.86,-129.44,83.98
1778269538.7700007,36355,-8.03,4.82,7.86,124.33,-122.69,105.89
1778269538.7716608,36377,-9.20,3.56,6.47,127.08,-114.76,120.22
1778269538.7727556,36399,-8.29,3.41,6.07,108.58,-90.47,124.45
1778269538.8326125,36421,-7.93,3.48,5.65,88.88,-67.27,123.24
1778269538.8344715,36443,-7.87,3.17,6.57,74.06,-43.42,114.33
1778269538.8901336,36465,-7.58,2.13,6.71,63.65,-21.22,100.73
1778269538.8921633,36487,-7.80,2.18,7.93,41.28,-20.77,75.13
1778269538.8933058,36509,-6.37,-0.51,7.89,6.27,-21.39,32.38
1778269538.950293,36531,-5.43,-1.29,8.02,29.85,-7.08,7.95
1778269539.010167,36553,-5.84,1.19,7.42,69.64,7.47,13.73
1778269539.0123806,36575,-7.48,3.25,6.33,122.11,34.31,52.74
1778269539.0144706,36597,-9.20,5.70,6.07,115.01,37.34,88.59
1778269539.0158484,36619,-10.02,4.97,6.14,67.66,20.32,114.44
1778269539.017336,36641,-8.75,2.28,5.09,42.80,14.16,135.02
1778269539.0702562,36663,-7.37,-0.95,4.26,37.07,33.75,136.03
1778269539.072013,36685,-8.47,-3.11,4.01,40.64,52.46,110.34
1778269539.1301184,36707,-9.80,-4.22,1.93,11.50,66.24,41.78
1778269539.1412563,36729,-15.09,-1.11,-0.47,-78.27,41.83,-16.42
1778269539.1430252,36751,-18.71,-12.63,3.12,-178.65,-9.44,-98.59
1778269539.200968,36773,-15.68,0.56,19.62,-250.14,-148.29,-164.35
1778269539.2039938,36795,-4.85,-1.46,13.05,-142.08,-33.61,-48.54
1778269539.2056406,36817,-5.60,1.61,8.06,16.26,-4.50,-4.28
1778269539.2739286,36839,-5.35,3.03,6.95,-16.00,-8.27,-7.76
1778269539.2750843,36861,-4.98,3.77,7.13,-27.63,-14.18,-6.51
1778269539.276094,36883,-4.22,3.27,6.76,-27.14,-14.51,-6.63
1778269539.326232,36905,-4.10,2.60,7.43,-13.63,-7.92,-3.11
1778269539.3278956,36927,-4.44,3.32,6.96,-5.93,-0.93,-1.01
1778269539.3694,36949,-4.34,3.36,6.78,-4.35,0.40,-0.84
1778269539.429143,36971,-4.41,3.55,6.79,-6.79,-0.40,-1.61
1778269539.430479,36993,-4.27,3.25,6.99,-6.38,0.31,-1.73
1778269539.431286,37015,-4.23,3.19,6.81,-4.11,3.41,-2.02
1778269539.4319518,37037,-4.27,3.25,6.98,-2.43,4.94,-2.09
1778269539.4326596,37059,-4.36,3.49,6.84,-3.11,4.25,-3.21
1778269539.4894423,37081,-4.39,3.28,6.89,-3.54,2.88,-4.16
1778269539.4907913,37103,-4.29,3.20,6.94,-2.71,2.58,-3.41
1778269539.5492404,37125,-4.41,3.24,6.78,-2.24,3.19,-2.65
1778269539.5506215,37147,-4.49,3.24,6.91,-1.15,3.15,-2.40
1778269539.5514724,37169,-4.44,3.16,6.92,-2.57,2.37,-2.56
1778269539.609149,37191,-4.39,3.25,6.79,-2.02,3.32,-1.97
1778269539.6694503,37213,-4.45,3.31,6.85,-2.12,3.89,-2.02
1778269539.6706822,37235,-4.40,3.27,6.73,-1.88,4.58,-2.56
1778269539.6716688,37257,-4.54,3.21,6.74,-1.60,4.02,-3.68
1778269539.6725714,37279,-4.46,3.24,6.78,-1.02,4.78,-4.98
1778269539.6734674,37301,-4.52,3.21,6.77,-0.24,7.71,-6.17
1778269539.7299492,37323,-4.55,3.23,6.73,1.24,10.40,-7.81
1778269539.731361,37345,-4.50,3.28,6.81,1.05,14.22,-10.94
1778269539.7894487,37367,-4.53,3.19,6.66,1.74,18.61,-12.66
1778269539.7908945,37389,-4.62,3.22,6.76,2.72,24.40,-13.62
1778269539.7917945,37411,-4.40,3.83,6.60,3.63,35.11,-22.54
1778269539.8504345,37433,-4.28,3.88,6.69,3.50,56.08,-39.35
1778269539.8517852,37455,-3.86,4.36,6.66,-6.73,88.19,-54.58
1778269539.8529677,37477,-4.54,5.75,7.03,-40.69,116.60,-77.47
1778269539.909456,37499,-6.42,6.00,7.28,-86.86,135.72,-104.72
1778269539.9107645,37521,-7.25,3.65,7.08,-113.55,134.11,-138.47
1778269539.9119823,37543,-7.25,1.34,5.62,-112.36,134.02,-171.34
1778269539.9690764,37565,-9.64,2.24,5.70,-76.61,127.31,-182.93
1778269539.970245,37587,-11.76,7.11,12.40,-6.11,96.92,-146.94
1778269540.02863,37609,0.45,14.11,6.88,9.60,-18.36,-88.19
1778269540.0297763,37631,0.62,9.95,6.97,30.11,-54.27,-53.07
1778269540.0309527,37653,-1.93,11.34,6.63,54.14,-68.95,-14.16
1778269540.089881,37675,-4.21,9.63,7.19,37.27,-90.03,28.53
1778269540.0910544,37697,-5.11,6.50,6.77,36.66,-90.91,58.83
1778269540.0923517,37719,-5.03,5.33,6.08,40.18,-85.00,77.27
1778269540.1494477,37741,-5.82,3.93,6.88,43.14,-75.24,84.88
1778269540.151191,37763,-6.02,3.75,7.02,39.50,-68.00,88.57
1778269540.2096655,37785,-5.60,3.51,6.80,39.56,-54.76,92.19
1778269540.211621,37807,-5.24,3.81,6.53,37.03,-42.88,95.95
1778269540.212925,37829,-4.73,4.04,6.29,38.08,-30.10,98.15
1778269540.2696826,37851,-5.21,4.51,6.55,38.73,-20.12,99.66
1778269540.271025,37873,-5.46,4.64,6.63,38.12,-21.79,102.11
1778269540.271983,37895,-5.02,4.09,5.82,50.73,-14.91,102.69
1778269540.3334076,37917,-5.97,4.47,5.89,55.78,-6.83,100.40
1778269540.3346882,37939,-8.24,4.36,8.24,41.27,-23.12,92.63
1778269540.335328,37961,-6.09,2.22,6.24,70.97,-13.02,94.21
1778269540.390036,37983,-6.90,3.40,5.55,73.12,0.76,87.69
1778269540.39133,38005,-9.21,2.42,5.42,44.17,15.46,73.80
1778269540.4515877,38027,-9.49,-0.16,5.04,23.76,48.21,54.16
1778269540.45296,38049,-13.36,-1.93,8.12,72.92,59.97,74.19
1778269540.454115,38071,-15.00,-2.88,8.00,70.05,13.93,91.17
1778269540.5093086,38093,-11.29,-9.43,3.40,4.15,-12.93,41.22
1778269540.511001,38115,-14.52,-12.92,0.64,-47.79,-2.75,-46.57
1778269540.5118487,38137,-19.62,-15.37,8.00,-190.58,-31.20,-144.08
1778269540.5711622,38159,-10.93,16.39,-0.44,-170.83,-90.22,-65.95
1778269540.5724387,38181,-4.59,-0.89,10.01,-102.76,-44.21,-37.53
1778269540.5734618,38203,-2.18,4.97,4.36,-26.94,-11.64,-6.63
1778269540.629893,38225,-5.67,4.15,-0.41,-8.90,1.26,-3.38
1778269540.6313815,38247,-4.09,2.59,5.95,-19.31,-8.91,-1.77
1778269540.6895173,38269,-4.10,3.33,6.76,-13.17,-6.44,-0.66
1778269540.6909614,38291,-4.07,3.16,7.27,-7.83,-3.50,-0.37
1778269540.6916873,38313,-4.21,3.54,7.14,-4.27,-0.02,0.24
1778269540.7494593,38335,-4.45,3.34,7.08,-3.40,1.15,0.69
1778269540.7508166,38357,-4.22,3.61,6.69,-4.72,1.62,0.67
1778269540.751703,38379,-4.26,3.48,6.88,-4.08,2.97,0.56
1778269540.809321,38401,-4.07,3.20,6.80,-2.96,4.23,0.18
1778269540.810718,38423,-4.28,3.35,6.86,-2.65,4.80,0.03
1778269540.8689542,38445,-4.33,3.50,6.70,-3.01,4.48,0.08
1778269540.870274,38467,-4.34,3.37,6.85,-3.85,3.56,-0.48
1778269540.8713787,38489,-4.29,3.38,6.82,-3.93,3.01,-0.81
1778269540.931024,38511,-4.35,3.39,6.85,-3.63,3.34,-1.15
1778269540.989066,38533,-4.34,3.29,6.71,-3.34,3.34,-1.60
1778269540.9905276,38555,-4.36,3.30,6.88,-2.46,3.54,-2.07
1778269540.991334,38577,-4.42,3.43,6.75,-2.41,3.74,-2.13
1778269540.9920266,38599,-4.33,3.45,6.83,-1.71,4.05,-2.94
1778269540.992902,38621,-4.43,3.37,6.80,-2.37,3.69,-3.56
1778269541.0493276,38643,-4.42,3.25,6.77,-2.15,3.86,-4.25
1778269541.05065,38665,-4.30,3.13,6.80,-2.07,4.31,-4.47
1778269541.1093335,38687,-4.41,3.27,6.76,-0.21,6.83,-4.29
1778269541.1107466,38709,-4.46,3.31,6.76,1.89,8.50,-5.47
1778269541.1115003,38731,-4.52,3.49,6.56,2.67,10.92,-6.88
1778269541.1692598,38753,-4.46,3.25,6.66,3.40,15.12,-8.81
1778269541.2293868,38775,-4.39,3.24,6.75,4.51,19.52,-9.79
1778269541.230885,38797,-4.39,3.52,6.47,6.91,26.89,-12.00
1778269541.2317863,38819,-4.34,3.77,6.42,12.46,43.66,-23.52
1778269541.2327604,38841,-4.00,3.51,6.95,16.56,67.80,-37.81
1778269541.2335904,38863,-4.10,3.88,6.93,9.91,97.37,-52.53
1778269541.2942612,38885,-4.33,4.20,6.32,-9.53,128.97,-70.19
1778269541.296243,38907,-5.56,4.88,6.04,-39.94,158.48,-96.88
1778269541.3554573,38929,-6.82,5.39,5.85,-84.42,170.91,-126.04
1778269541.3570418,38951,-8.19,4.95,5.97,-119.17,162.78,-159.26
1778269541.3577216,38973,-9.73,3.27,8.37,-119.72,164.09,-189.92
1778269541.4096634,38995,-13.05,2.68,8.14,-82.84,163.91,-190.56
1778269541.4114358,39017,-10.32,14.70,14.26,-30.69,80.53,-113.55
1778269541.4123645,39039,-0.23,12.39,9.32,-32.17,-8.62,-63.96
1778269541.469493,39061,-1.97,12.01,8.78,9.73,-58.60,-23.31
1778269541.4710808,39083,-1.83,10.70,6.84,24.07,-110.37,12.54
1778269541.5297985,39105,-2.03,7.99,5.21,36.85,-131.19,33.09
1778269541.5319338,39127,-3.35,5.68,5.19,72.76,-126.64,50.66
1778269541.5332658,39149,-6.27,6.00,6.49,92.75,-123.22,69.98
1778269541.5899894,39171,-7.44,4.62,5.70,96.55,-118.98,93.37
1778269541.5916944,39193,-7.00,4.09,5.33,85.78,-101.86,112.85
1778269541.5930042,39215,-6.84,3.08,5.10,76.66,-74.96,120.95
1778269541.6501317,39237,-7.25,3.02,6.44,64.54,-57.72,125.81
1778269541.6523445,39259,-6.82,2.32,6.43,51.57,-44.61,122.13
1778269541.6537805,39281,-6.49,1.62,6.29,49.09,-34.11,116.65
1778269541.7093961,39303,-7.97,1.71,7.91,23.27,-34.45,93.82
1778269541.7115622,39325,-6.79,-0.20,7.11,10.98,-36.98,65.77
1778269541.7696583,39347,-6.26,-0.09,6.49,27.60,-18.48,45.53
1778269541.7713661,39369,-6.47,1.81,6.43,35.45,-11.18,35.71
1778269541.7728965,39391,-7.25,2.22,6.84,91.69,12.88,71.32
1778269541.8313692,39413,-7.91,5.05,4.76,140.58,35.37,122.47
1778269541.833616,39435,-8.82,6.47,4.22,110.10,45.20,151.15
1778269541.8351798,39457,-9.97,3.91,4.16,8.96,19.53,139.84
1778269541.889672,39479,-10.84,-3.09,4.15,-14.14,16.89,124.11
1778269541.8915038,39501,-13.32,-8.02,0.97,-3.94,29.07,73.62
1778269541.8926277,39523,-16.21,-12.99,-2.50,-58.76,22.28,-27.28
1778269541.9498405,39545,-19.62,-19.62,-6.63,-153.82,14.93,-185.56
1778269541.9512632,39567,-12.60,13.53,8.08,-159.66,-129.94,-111.88
1778269542.009372,39589,-1.35,-3.07,11.62,-114.51,-56.70,-46.97
1778269542.0106785,39611,-1.72,3.88,6.51,-25.36,-21.02,-16.12
1778269542.0119963,39633,-3.48,5.38,-0.97,-35.18,-15.22,-7.12
1778269542.069525,39655,-4.34,3.60,6.61,-27.71,-15.77,-9.27
1778269542.0708265,39677,-4.08,2.65,7.41,-18.48,-11.47,-5.73
1778269542.0717285,39699,-4.12,3.01,7.21,-9.57,-5.63,-4.63
1778269542.1295736,39721,-4.43,3.40,6.92,-5.02,-1.55,-3.47
1778269542.130747,39743,-4.31,3.49,6.73,-4.20,-0.67,-3.64
1778269542.1892107,39765,-4.34,3.54,6.81,-5.22,-1.30,-3.79
1778269542.19049,39787,-4.21,3.20,6.92,-4.15,1.83,-2.85
1778269542.1915069,39809,-4.22,3.30,6.94,-1.74,3.49,-3.00
1778269542.24904,39831,-4.35,3.40,6.83,-1.19,3.85,-2.57
1778269542.2500572,39853,-4.40,3.37,6.80,-1.93,2.15,-2.24
1778269542.2508245,39875,-4.36,3.19,6.93,-1.95,1.18,-2.06
1778269542.3096821,39897,-4.32,3.28,6.81,-1.46,1.62,-1.29
1778269542.3694327,39919,-4.33,3.49,6.77,-1.49,1.28,-0.58
1778269542.3710394,39941,-4.43,3.39,6.78,-2.60,1.23,-1.52
1778269542.372225,39963,-4.24,3.29,6.75,-4.12,0.80,-2.61
1778269542.3730788,39985,-4.29,3.26,6.80,-4.50,2.11,-3.61
1778269542.429243,40007,-4.30,3.25,6.85,-3.82,3.18,-2.95
1778269542.4308107,40029,-4.27,3.19,6.89,-3.37,3.21,-3.30
1778269542.4317062,40051,-4.28,3.35,6.76,-3.05,5.08,-3.57
1778269542.4890778,40073,-4.28,3.24,6.95,-1.30,7.91,-4.47
1778269542.491353,40095,-4.35,3.29,6.74,1.18,11.66,-5.89
1778269542.492195,40117,-4.29,3.18,6.92,2.71,16.55,-7.17
1778269542.5492926,40139,-4.37,3.19,6.70,5.21,19.56,-6.40
1778269542.550797,40161,-4.35,3.56,6.52,6.82,26.27,-11.54
1778269542.5516675,40183,-4.23,3.65,6.53,9.82,47.27,-25.31
1778269542.611908,40205,-3.94,4.08,7.21,12.34,79.31,-41.31
1778269542.6140177,40227,-3.72,4.89,6.77,0.66,112.89,-59.17
1778269542.6710415,40249,-4.85,6.65,6.18,-39.27,139.18,-85.28
1778269542.672847,40271,-6.96,5.35,6.70,-90.04,148.53,-126.04
1778269542.6738794,40293,-7.87,4.12,7.02,-111.53,143.73,-163.86
1778269542.7298508,40315,-11.39,4.26,8.26,-97.45,134.89,-190.68
1778269542.7319322,40337,-11.44,3.94,8.04,-70.63,124.30,-200.02
1778269542.73378,40359,-7.74,12.50,10.41,-38.09,18.53,-122.39
1778269542.7906168,40381,-0.32,8.72,3.99,-50.71,-21.05,-94.73
1778269542.7924483,40403,-1.55,8.53,5.67,0.91,-21.49,-63.68
1778269542.8500054,40425,-2.34,10.64,5.64,23.13,-45.40,-20.79
1778269542.8517523,40447,-1.92,8.82,5.11,14.63,-61.86,12.31
1778269542.8528671,40469,-2.59,7.20,6.23,37.44,-65.24,46.06
1778269542.9137013,40491,-4.02,6.18,6.88,50.30,-76.16,70.08
1778269542.9146922,40513,-4.77,4.70,7.06,58.65,-87.19,88.21
1778269542.9152925,40535,-5.41,3.75,6.68,74.20,-84.36,101.63
1778269542.969024,40557,-6.22,3.03,6.59,87.85,-76.60,106.67
1778269542.9715972,40579,-6.95,2.48,6.58,99.69,-65.69,106.58
1778269542.973236,40601,-8.15,2.47,7.57,103.41,-56.92,102.85
1778269543.029677,40623,-7.82,2.26,7.43,87.05,-60.50,93.11
1778269543.031434,40645,-6.48,1.63,6.43,68.73,-58.14,80.30
1778269543.089826,40667,-7.41,0.70,7.78,47.64,-50.54,59.25
1778269543.091478,40689,-6.69,-0.58,7.91,18.87,-48.44,29.33
1778269543.0924964,40711,-6.15,-0.50,6.86,29.31,-29.11,13.13
1778269543.1495032,40733,-6.08,1.63,6.01,38.44,-7.23,13.77
1778269543.2093613,40755,-6.43,3.26,6.03,48.14,15.29,37.95
1778269543.2112691,40777,-7.28,4.88,5.52,84.05,49.24,87.84
1778269543.2123933,40799,-7.84,5.67,5.66,75.80,63.94,125.98
1778269543.213157,40821,-8.32,3.99,5.56,54.73,66.73,147.73
1778269543.213845,40843,-8.00,1.46,5.62,65.46,70.28,158.98
1778269543.2697263,40865,-9.16,-0.51,5.70,22.28,58.21,121.49
1778269543.2715158,40887,-10.71,-5.20,4.73,-7.17,46.73,64.05
1778269543.32963,40909,-14.66,-7.78,5.19,-8.51,24.04,-2.46
1778269543.3314254,40931,-19.09,-12.28,3.93,-101.44,-46.95,-101.37
1778269543.3325775,40953,2.85,-6.58,10.71,-250.14,-144.27,-186.98
1778269543.3901768,40975,-8.17,9.22,7.20,-234.69,-61.39,-54.85
1778269543.3930144,40997,-9.38,-2.44,13.84,-37.73,-21.56,-12.93
1778269543.394859,41019,-5.28,4.09,6.52,-14.18,-5.95,-3.35
1778269543.4508805,41041,-5.06,4.12,9.48,11.96,6.45,-5.98
1778269543.4524515,41063,-4.57,3.65,7.18,-22.46,-12.96,-4.15
1778269543.5106463,41085,-3.91,2.78,7.24,-11.64,-8.26,-2.52
1778269543.5133514,41107,-4.12,3.26,6.85,-3.34,-2.88,-0.87
1778269543.5145502,41129,-4.27,3.39,6.84,-2.91,-1.39,-0.76
1778269543.5695183,41151,-4.31,3.26,6.97,-2.72,-1.47,-0.94
1778269543.57133,41173,-4.29,3.42,6.83,-4.13,-1.22,-0.82
1778269543.5727196,41195,-4.07,3.45,6.75,-3.95,0.44,-0.87
1778269543.629554,41217,-4.18,3.39,6.93,-2.73,1.11,-1.44
1778269543.6315145,41239,-4.35,3.56,6.73,-2.43,1.18,-1.38
1778269543.6329567,41261,-4.14,3.36,6.52,-4.37,-0.91,-2.04
1778269543.6903505,41283,-4.40,3.22,7.02,-3.50,-1.18,-1.78
1778269543.691907,41305,-4.14,3.30,6.76,-3.12,0.54,-1.63
1778269543.749632,41327,-4.19,3.36,6.90,-1.92,0.74,-0.96
1778269543.7516766,41349,-4.22,3.26,7.05,-2.18,0.35,-1.39
1778269543.7531633,41371,-4.23,3.25,6.85,-1.38,1.02,-0.56
1778269543.8093872,41393,-4.22,3.37,6.86,-0.85,1.60,0.13
1778269543.8111823,41415,-4.33,3.32,6.89,0.82,1.82,0.21
1778269543.812469,41437,-4.18,3.28,6.83,0.87,1.98,-0.30
1778269543.8699365,41459,-4.27,3.34,6.94,2.27,2.67,-0.17
1778269543.8715034,41481,-4.27,3.43,6.76,1.75,3.39,-0.13
1778269543.8724182,41503,-4.21,3.25,6.90,0.95,4.17,0.05
1778269543.9302065,41525,-4.32,3.59,6.74,-1.37,3.67,-0.43
1778269543.932641,41547,-4.34,3.49,6.73,-3.39,2.65,-1.16
1778269543.9900022,41569,-4.28,3.49,6.85,-3.89,2.56,-2.80
1778269543.9916708,41591,-4.16,3.41,6.71,-1.74,8.89,-7.10
1778269543.9925766,41613,-4.11,3.76,6.73,1.25,18.05,-13.19
1778269544.0492558,41635,-3.99,4.19,6.34,2.57,38.18,-31.27
1778269544.0513375,41657,-2.89,4.75,6.67,-1.69,67.27,-51.28
1778269544.052788,41679,-3.85,5.30,6.95,-29.01,109.82,-80.53
1778269544.109496,41701,-4.79,4.98,7.85,-70.67,142.18,-114.85
1778269544.1115277,41723,-8.22,5.57,9.49,-89.82,149.95,-154.02
1778269544.1695662,41745,-9.43,4.41,6.90,-99.63,134.25,-185.96
1778269544.1712623,41767,-9.11,4.97,8.47,-86.04,114.14,-196.37
1778269544.172535,41789,-2.62,14.71,10.01,-46.22,21.45,-111.54
1778269544.2299411,41811,2.93,11.88,4.96,-28.67,-4.98,-59.58
1778269544.2319183,41833,1.11,11.43,6.54,20.72,-14.93,-23.24
1778269544.2330163,41855,-0.33,10.69,6.61,29.00,-43.44,2.31
1778269544.2895687,41877,-1.65,8.17,7.14,41.18,-61.56,23.36
1778269544.291213,41899,-3.41,7.22,7.55,64.67,-71.88,46.48
1778269544.292351,41921,-4.36,6.45,7.59,70.27,-78.76,65.89
1778269544.3491254,41943,-4.93,5.28,7.08,75.12,-74.46,79.20
1778269544.4095273,41965,-5.51,5.28,6.27,76.00,-63.45,88.18
1778269544.4113376,41987,-5.54,5.15,5.88,74.66,-49.93,93.85
1778269544.4129813,42009,-5.47,4.80,5.70,73.39,-34.78,94.94
1778269544.4693327,42031,-7.76,2.89,8.75,65.72,-24.90,86.69
1778269544.4707632,42053,-7.40,2.09,8.58,49.65,-33.63,66.41
1778269544.4715316,42075,-5.91,1.30,7.24,32.34,-33.57,45.15
1778269544.472599,42097,-6.22,1.07,6.98,38.02,-18.23,32.70
1778269544.529301,42119,-6.46,1.81,7.39,79.22,4.65,53.92
1778269544.5315468,42141,-8.97,4.42,6.89,143.05,37.11,106.30
1778269544.5328436,42163,-9.01,5.41,6.29,105.87,31.68,129.46
1778269544.5890174,42185,-9.26,1.07,5.83,68.39,31.01,133.24
1778269544.5901184,42207,-10.62,-2.02,6.02,78.73,33.53,126.89
1778269544.649085,42229,-11.11,-4.18,5.23,82.74,31.21,104.50
1778269544.6508622,42251,-11.50,-5.70,2.96,12.09,23.70,38.85
1778269544.6519895,42273,-15.47,-10.08,2.75,-64.92,14.21,-31.56
1778269544.711713,42295,-19.38,-16.53,2.77,-194.02,-26.81,-134.71
1778269544.7136495,42317,-18.42,6.50,19.62,-250.14,-163.63,-150.06
1778269544.7147331,42339,-2.67,-4.23,7.47,-169.44,-55.89,-46.78
1778269544.7699738,42361,-6.10,-0.72,10.45,-7.08,-22.70,-14.15
1778269544.7714067,42383,-5.20,1.79,8.16,-28.82,-15.63,-11.42
1778269544.829733,42405,-4.60,3.46,7.66,-16.67,-12.56,-4.57
1778269544.8322697,42427,-4.08,3.06,7.01,-14.69,-10.40,-2.97
1778269544.8333204,42449,-4.02,3.03,7.16,-10.67,-6.77,-1.81
1778269544.890679,42471,-3.98,3.25,7.02,-4.79,-0.17,-0.54
1778269544.8926485,42493,-4.20,3.22,6.95,-3.48,1.49,-0.29
1778269544.893585,42515,-4.16,3.35,6.78,-3.57,1.99,-0.11
1778269544.9495742,42537,-4.23,3.38,6.87,-2.93,2.17,0.25
1778269544.9511821,42559,-4.22,3.37,7.07,-2.04,2.53,0.07
1778269544.952199,42581,-4.12,3.31,6.86,-2.59,2.53,-0.46
1778269545.0099196,42603,-4.27,3.33,7.08,-1.33,2.16,-0.86
1778269545.0118213,42625,-4.21,3.37,6.81,-3.44,1.03,-1.11
1778269545.069505,42647,-4.14,3.24,6.99,-3.64,0.49,-1.43
1778269545.0715106,42669,-4.21,3.28,6.90,-3.10,1.24,-1.95
1778269545.0727146,42691,-4.34,3.17,6.92,-2.89,0.97,-2.24
1778269545.1295624,42713,-4.25,3.39,6.89,-2.63,1.02,-2.44
1778269545.1311305,42735,-4.17,3.24,6.95,-2.57,1.19,-2.66
1778269545.1319396,42757,-4.26,3.31,6.82,-2.63,0.97,-2.22
1778269545.1894736,42779,-4.13,3.23,6.95,-2.59,0.41,-2.21
1778269545.1914556,42801,-4.27,3.24,6.97,-2.52,1.28,-1.71
1778269545.1924453,42823,-4.28,3.19,6.97,-2.22,2.58,-1.09
1778269545.2498775,42845,-4.35,3.23,6.89,-1.91,3.56,-1.27
1778269545.251401,42867,-4.34,3.42,7.12,-1.61,5.34,-2.67
1778269545.3095272,42889,-4.40,3.41,7.01,-0.89,7.60,-4.39
1778269545.311194,42911,-4.23,3.38,6.95,0.28,11.04,-7.38
1778269545.3123012,42933,-4.31,3.51,6.74,3.89,19.58,-14.18
1778269545.3694437,42955,-4.31,3.55,6.96,5.72,31.12,-23.06
1778269545.4296372,42977,-3.87,4.64,6.80,4.18,60.89,-38.14
1778269545.4311721,42999,-3.87,7.23,7.18,-27.38,95.40,-64.77
1778269545.4322083,43021,-5.79,6.10,8.08,-92.05,119.20,-98.24
1778269545.433024,43043,-6.52,4.62,8.65,-122.60,124.65,-138.05
1778269545.4340286,43065,-6.88,4.10,7.25,-129.10,116.77,-184.97
1778269545.4896054,43087,-8.08,3.93,6.54,-130.54,109.19,-216.76
1778269545.4912112,43109,-9.53,8.84,13.84,-47.79,51.40,-149.64
1778269545.549703,43131,3.04,14.12,5.57,-7.57,-9.21,-88.27
1778269545.6104918,43153,2.64,9.78,6.18,36.65,-8.25,-44.53
1778269545.6130853,43175,-0.25,10.69,7.31,67.91,-23.22,-4.18
1778269545.6146455,43197,-2.36,8.51,8.54,53.73,-57.15,23.48
1778269545.6157854,43219,-2.47,6.04,7.68,65.59,-72.31,43.16
1778269545.6168401,43241,-3.46,5.00,7.31,77.18,-72.37,55.65
1778269545.7297206,43263,-4.99,4.89,7.83,83.20,-69.43,68.07
1778269545.732341,43285,-5.25,4.19,7.10,78.21,-62.85,77.34
1778269545.7334514,43307,-5.15,3.89,6.64,78.56,-48.69,82.09
1778269545.7344415,43329,-5.62,3.88,6.52,80.96,-31.98,84.29
1778269545.7354324,43351,-5.95,4.15,6.53,73.66,-19.21,85.75
1778269545.789724,43373,-6.42,3.22,7.54,63.73,-11.11,81.05
1778269545.7915714,43395,-6.13,1.77,7.38,55.18,-8.18,67.65
1778269545.7926772,43417,-6.86,1.32,8.26,45.71,-19.39,47.31
1778269545.8498938,43439,-5.79,0.48,7.35,45.98,-17.76,31.27
1778269545.8516498,43461,-6.52,1.49,6.74,62.96,-6.24,27.13
1778269545.8528042,43483,-6.75,2.52,7.14,90.74,5.10,48.12
1778269545.909438,43505,-7.66,4.29,7.08,122.28,14.69,88.92
1778269545.9120967,43527,-7.95,4.75,6.07,97.86,18.71,112.13
1778269545.9702377,43549,-8.82,2.17,6.82,-7.31,1.07,98.79
1778269545.9717233,43571,-9.95,-5.61,4.37,-7.89,20.41,82.44
1778269545.9725986,43593,-12.26,-8.35,3.34,-26.93,40.99,37.40
1778269546.029381,43615,-17.48,-14.53,1.27,-94.20,27.92,-32.60
1778269546.0312274,43637,-19.62,-19.62,1.85,-250.14,-85.71,-130.12
1778269546.0320616,43659,-4.49,0.42,19.62,-76.07,-45.95,-38.75
1778269546.0897202,43681,-7.96,-0.68,11.17,-16.24,-13.30,-1.09
1778269546.091389,43703,-3.12,0.35,9.75,-0.32,-14.48,-10.45
1778269546.1498458,43725,-4.40,3.25,7.06,-7.54,-9.76,-2.92
1778269546.151434,43747,-4.20,2.89,7.19,-10.24,-9.43,-2.96
1778269546.1524446,43769,-4.08,3.27,7.26,-4.20,-7.69,-1.82
1778269546.2095108,43791,-4.15,3.42,6.74,0.17,-4.58,-1.11
1778269546.2115088,43813,-4.02,3.34,6.48,-0.99,-0.70,-0.98
1778269546.2125435,43835,-4.26,3.49,7.16,-3.47,-0.22,-1.02
1778269546.269778,43857,-4.37,3.36,6.86,-4.79,0.34,-0.99
1778269546.2717617,43879,-4.18,3.33,7.00,-4.07,1.66,-0.63
1778269546.2727797,43901,-4.22,3.27,6.92,-3.40,2.89,-0.24
1778269546.3293443,43923,-4.19,3.32,6.93,-3.19,3.13,-0.34
1778269546.3313272,43945,-4.22,3.26,7.05,-4.05,2.83,-1.31
1778269546.3904095,43967,-4.17,3.08,6.98,-4.43,2.18,-2.44
1778269546.3919868,43989,-4.29,3.11,6.98,-4.34,2.49,-3.29
1778269546.393248,44011,-4.27,3.26,6.92,-3.66,3.21,-3.25
1778269546.450262,44033,-4.33,3.20,6.87,-3.71,3.15,-4.22
1778269546.5092216,44055,-4.22,3.11,7.07,-3.22,4.19,-4.92
1778269546.5114238,44077,-4.32,3.19,6.90,-2.67,4.81,-4.55
1778269546.5127256,44099,-4.32,3.15,6.92,-2.05,4.82,-4.21
1778269546.5137844,44121,-4.27,3.12,6.94,-2.02,4.80,-4.51
1778269546.5147572,44143,-4.38,3.12,6.91,-0.85,6.69,-5.01
1778269546.5701284,44165,-4.36,3.08,6.77,-0.19,9.12,-6.70
1778269546.5722196,44187,-4.41,3.40,6.76,0.28,11.94,-10.24
1778269546.629949,44209,-4.41,3.15,6.84,0.54,15.25,-12.69
1778269546.6889608,44231,-4.33,3.24,6.88,1.13,19.62,-14.03
1778269546.690661,44253,-4.16,3.59,6.89,-0.17,33.17,-20.56
1778269546.6918666,44275,-4.25,4.05,7.09,-5.60,58.83,-38.27
1778269546.6928933,44297,-3.97,4.10,7.08,-18.02,92.82,-54.32
1778269546.748665,44319,-4.08,5.44,7.65,-48.05,129.31,-78.05
1778269546.7497244,44341,-5.99,5.75,6.69,-96.95,153.72,-114.73
1778269546.7509696,44363,-7.80,4.95,8.16,-129.22,151.59,-159.50
1778269546.7520623,44385,-9.16,4.08,6.94,-145.90,135.04,-210.55
1778269546.8107057,44407,-12.95,1.71,7.90,-145.91,118.22,-233.80
1778269546.81335,44429,-12.02,6.47,12.43,-89.92,94.40,-208.38
1778269546.8696187,44451,-0.60,11.63,8.24,-2.62,-12.23,-126.99
1778269546.8714862,44473,0.72,11.72,4.52,24.37,-19.08,-92.31
1778269546.8724446,44495,-0.12,12.21,4.72,51.31,-25.51,-34.18
1778269546.9293642,44517,-1.06,11.84,6.48,59.89,-36.84,32.87
1778269546.9310684,44539,-1.04,9.01,6.29,48.95,-50.08,83.87
1778269546.932299,44561,-3.75,3.56,9.51,79.92,-73.77,99.80
1778269546.992625,44583,-4.21,3.74,9.15,83.35,-99.79,102.61
1778269546.9948053,44605,-5.15,2.49,7.96,95.50,-103.46,109.67
1778269547.0505402,44627,-5.82,2.47,6.89,93.06,-93.31,115.09
1778269547.0533073,44649,-6.74,2.45,6.51,97.26,-72.77,121.44
1778269547.0548701,44671,-7.46,2.63,6.61,94.26,-54.31,121.21
1778269547.1094716,44693,-7.54,2.75,6.75,84.15,-36.02,117.66
1778269547.1118495,44715,-7.47,2.70,6.84,71.60,-21.72,110.58
1778269547.1129138,44737,-6.97,1.62,7.38,62.34,-11.53,97.01
1778269547.1702597,44759,-6.81,2.04,7.53,65.05,-11.45,87.02
1778269547.1718392,44781,-6.18,0.90,7.01,67.44,-8.64,75.32
1778269547.1731198,44803,-7.45,2.11,7.13,95.51,7.23,81.23
1778269547.230481,44825,-7.39,3.17,5.74,115.32,21.29,99.67
1778269547.2321217,44847,-12.42,3.33,3.94,115.31,45.37,101.07
1778269547.2895672,44869,-10.81,-0.09,5.50,30.18,13.34,116.32
1778269547.2915878,44891,-12.04,-2.94,4.23,17.79,26.21,115.84
1778269547.2927203,44913,-12.38,-8.20,1.58,-30.40,31.74,71.06
1778269547.349958,44935,-15.71,-12.42,-1.40,-85.49,39.45,-10.66
1778269547.3520389,44957,-19.62,-19.62,-6.11,-199.66,44.76,-143.88
1778269547.3532171,44979,-9.32,13.29,10.86,-177.76,-121.84,-103.57
1778269547.4095647,45001,-3.84,-0.86,11.26,-122.53,-47.25,-38.93
1778269547.412214,45023,-2.17,6.60,4.53,-23.85,-17.51,-11.85
1778269547.4695723,45045,-4.94,1.27,7.90,-30.87,-21.37,-6.66
1778269547.471679,45067,-4.28,3.45,6.90,-18.83,-11.06,-5.09
1778269547.4728303,45089,-3.95,2.74,7.37,-13.55,-9.01,-3.39
1778269547.529337,45111,-4.09,3.18,7.04,-6.63,-3.83,-1.99
1778269547.531882,45133,-4.23,3.31,6.92,-4.66,-0.47,-1.34
1778269547.5330918,45155,-4.34,3.35,6.81,-4.46,0.39,-0.57
1778269547.589745,45177,-4.13,3.27,6.96,-4.83,0.98,-0.66
1778269547.5915344,45199,-3.99,3.24,6.89,-3.41,3.19,-0.68
1778269547.5924416,45221,-4.25,3.31,6.94,-2.59,3.91,-0.52
1778269547.6499588,45243,-4.22,3.27,6.96,-3.63,4.11,-0.70
1778269547.651595,45265,-4.18,3.33,6.89,-4.07,4.02,-1.73
1778269547.709566,45287,-4.18,3.32,6.90,-4.41,3.35,-2.61
1778269547.7114565,45309,-4.28,3.43,6.82,-4.71,4.13,-2.96
1778269547.7126703,45331,-4.27,3.32,6.72,-5.17,3.89,-4.19
1778269547.7693586,45353,-4.35,3.21,7.01,-4.64,4.77,-5.01
1778269547.7708375,45375,-4.25,3.19,6.87,-4.20,5.70,-5.47
1778269547.7717319,45397,-4.39,3.21,6.76,-3.56,6.63,-5.66
1778269547.8298998,45419,-4.44,3.20,6.96,-3.27,6.66,-5.76
1778269547.8316214,45441,-4.31,3.16,6.85,-2.98,7.00,-5.21
1778269547.8323479,45463,-4.44,3.27,6.82,-2.95,8.11,-5.15
1778269547.8898342,45485,-4.39,3.13,6.90,-2.54,9.53,-6.34
1778269547.8913183,45507,-4.43,3.04,6.74,-1.62,11.69,-7.20
1778269547.9495347,45529,-4.46,3.01,6.81,-0.60,14.48,-7.87
1778269547.951553,45551,-4.42,2.99,6.91,1.08,18.00,-7.99
1778269547.9530077,45573,-4.47,3.08,6.78,1.47,24.46,-9.24
1778269548.0110748,45595,-4.62,3.43,6.71,1.63,32.18,-16.44
1778269548.0141406,45617,-4.31,3.88,6.56,4.02,50.75,-31.91
1778269548.0153189,45639,-3.97,4.42,6.70,-1.04,78.44,-52.27
1778269548.070077,45661,-4.33,4.87,6.93,-25.85,107.25,-72.51
1778269548.0720155,45683,-5.14,4.45,7.27,-53.57,135.24,-93.77
1778269548.129763,45705,-7.16,4.69,7.41,-86.88,149.14,-121.71
1778269548.1319063,45727,-7.53,4.13,6.28,-112.90,143.81,-154.92
1778269548.1331172,45749,-10.92,2.66,7.62,-77.18,148.11,-182.23
1778269548.1897724,45771,-12.19,9.46,13.48,-27.73,125.95,-166.97
1778269548.1916788,45793,-0.11,14.37,6.97,-26.20,15.02,-91.73
1778269548.1929157,45815,-0.58,9.42,7.93,1.89,-7.51,-58.50
1778269548.2505438,45837,-2.68,10.87,8.42,25.42,-40.44,-29.34
1778269548.2522829,45859,-2.43,9.37,7.44,8.73,-81.05,-2.95
1778269548.253509,45881,-2.06,7.91,6.61,17.87,-87.48,26.96
1778269548.3103786,45903,-2.88,8.32,6.36,20.67,-81.05,62.77
1778269548.312237,45925,-3.45,7.42,6.15,21.17,-74.64,99.08
1778269548.369355,45947,-4.66,7.07,6.74,25.09,-71.15,126.06
1778269548.3712907,45969,-5.33,5.97,6.53,29.39,-69.86,144.89
1778269548.372545,45991,-5.52,4.27,6.16,38.80,-65.96,150.09
1778269548.4294229,46013,-5.71,4.24,6.32,57.10,-57.80,145.80
1778269548.4308853,46035,-6.60,4.32,7.05,69.08,-52.09,136.92
1778269548.4322622,46057,-6.38,4.16,6.53,79.47,-45.89,125.79
1778269548.4901166,46079,-5.74,3.53,5.56,77.34,-23.08,98.77
1778269548.4918642,46101,-19.62,5.38,19.62,50.56,-31.37,74.58
1778269548.4930086,46123,-7.43,-0.24,7.06,80.50,-34.13,67.58
1778269548.5492916,46145,-11.78,1.52,7.34,171.45,14.81,88.87
1778269548.55113,46167,-13.86,3.38,6.64,174.11,10.47,113.76
1778269548.611439,46189,-12.83,-0.31,6.15,120.91,-4.28,111.61
1778269548.6160579,46211,-12.77,-2.96,5.70,87.77,-12.79,103.69
1778269548.6177857,46233,-12.10,-5.13,3.41,56.85,-23.72,75.63
1778269548.6704445,46255,-8.73,-0.89,-0.22,4.24,30.23,19.81
1778269548.6730156,46277,-12.66,-4.69,-0.99,-98.73,27.11,-46.92
1778269548.6746476,46299,-15.32,-13.95,-2.67,-216.66,35.17,-126.53
1778269548.7301142,46321,-19.62,10.11,19.62,-250.14,-83.58,-157.37
1778269548.7320282,46343,-8.76,1.53,13.62,-166.82,-67.58,-51.60
1778269548.7909553,46365,-8.19,1.52,9.89,-23.56,-17.81,-18.98
1778269548.792929,46387,-5.30,4.69,9.98,-23.15,-7.06,-8.68
1778269548.7969482,46409,-4.61,3.18,6.86,-21.05,-13.79,-6.43
1778269548.8614066,46431,-4.16,3.17,6.95,-16.42,-9.70,-3.96
1778269548.864075,46453,-4.20,2.81,7.20,-9.20,-3.27,-2.04
1778269548.8657184,46475,-4.39,3.41,6.86,-4.76,1.07,0.03
1778269548.9094915,46497,-4.25,3.43,6.79,-4.44,2.47,-0.17
1778269548.9107068,46519,-4.31,3.49,6.69,-5.82,2.04,-0.74
1778269548.9116404,46541,-4.33,3.33,6.87,-4.82,3.21,-0.84
1778269548.969617,46563,-4.30,3.30,6.89,-3.08,4.41,-0.61
1778269548.971384,46585,-4.30,3.40,6.89,-1.80,4.44,-1.01
1778269549.030592,46607,-4.47,3.31,6.71,-2.30,3.56,-2.73
1778269549.0322995,46629,-4.33,3.47,6.84,-4.25,2.01,-2.40
1778269549.0333076,46651,-4.42,3.41,6.77,-4.92,1.50,-2.36
1778269549.0907352,46673,-4.29,3.25,6.82,-4.28,2.05,-2.39
1778269549.092218,46695,-4.34,3.22,6.99,-3.56,2.21,-2.74
1778269549.093488,46717,-4.33,3.29,6.85,-3.14,2.25,-2.79
1778269549.1500452,46739,-4.39,3.33,6.71,-3.00,2.59,-3.56
1778269549.1515768,46761,-4.41,3.14,6.88,-1.97,3.03,-4.89
1778269549.1525033,46783,-4.37,3.18,6.82,-1.40,3.40,-5.70
1778269549.2095745,46805,-4.39,3.21,6.85,-1.67,3.75,-5.14
1778269549.2115946,46827,-4.50,3.29,6.70,-0.98,4.21,-5.59
1778269549.2701309,46849,-4.44,3.10,6.69,-0.48,4.47,-5.37
1778269549.2722607,46871,-4.57,3.25,6.72,-0.02,6.40,-5.96
1778269549.2737885,46893,-4.42,3.31,6.79,1.26,9.74,-8.54
1778269549.3299487,46915,-4.42,3.23,6.82,3.02,14.95,-9.96
1778269549.3318613,46937,-4.50,3.25,6.75,6.12,21.11,-12.91
1778269549.3328485,46959,-4.41,3.76,6.53,8.31,33.87,-20.55
1778269549.3925095,46981,-3.78,4.03,6.65,11.70,59.27,-39.75
1778269549.3938096,47003,-3.61,4.38,7.55,1.25,95.27,-54.10
1778269549.4492211,47025,-4.46,4.95,7.44,-24.60,129.78,-69.34
1778269549.4508667,47047,-5.52,4.45,7.02,-65.10,154.21,-92.35
1778269549.451998,47069,-6.82,4.00,6.92,-93.26,162.69,-122.99
1778269549.509362,47091,-7.46,3.27,6.22,-108.84,161.60,-161.89
1778269549.5119367,47113,-10.34,3.04,6.81,-100.37,149.62,-186.40
1778269549.5133376,47135,-10.76,3.14,6.38,-70.91,146.92,-192.27
1778269549.5696142,47157,-9.46,10.91,13.40,-0.53,49.89,-120.51
1778269549.5720372,47179,-1.27,11.20,8.71,-3.98,-39.18,-90.11
1778269549.5731175,47201,0.22,9.98,7.29,13.12,-73.66,-57.67
1778269549.629182,47223,-0.63,10.44,6.38,37.75,-88.10,-14.21
1778269549.630805,47245,-1.49,9.63,4.96,38.25,-93.05,31.67
1778269549.6891963,47267,-2.13,7.04,4.94,51.78,-83.02,74.31
1778269549.6908715,47289,-4.65,5.23,6.86,69.04,-79.89,102.63
1778269549.69197,47311,-6.57,4.63,7.54,69.64,-86.00,123.95
1778269549.7490168,47333,-7.47,2.79,7.36,66.50,-85.95,133.26
1778269549.7506485,47355,-7.88,2.26,5.78,67.66,-68.79,137.72
1778269549.7518592,47377,-8.73,1.60,6.91,56.85,-61.87,129.56
1778269549.809471,47399,-7.94,1.38,6.46,52.47,-53.95,111.43
1778269549.8114765,47421,-7.26,1.57,6.26,44.82,-55.02,88.47
1778269549.8128839,47443,-7.84,1.26,7.14,41.38,-47.28,64.73
1778269549.870045,47465,-6.79,1.17,6.57,29.83,-43.74,40.38
1778269549.8716996,47487,-6.33,1.49,5.94,32.22,-35.12,28.85
1778269549.929451,47509,-6.32,2.38,5.94,32.50,-19.47,24.06
1778269549.9310205,47531,-6.99,2.56,5.73,37.63,-5.85,28.41
1778269549.931969,47553,-6.69,3.14,4.81,46.45,9.35,41.13
1778269549.990168,47575,-7.48,3.75,4.51,48.92,29.69,59.27
1778269549.9917715,47597,-8.46,3.72,4.22,43.83,45.52,83.62
1778269549.9928598,47619,-9.42,1.84,4.65,66.48,69.09,121.76
1778269550.0494573,47641,-10.66,1.22,4.19,85.94,80.02,147.52
1778269550.051275,47663,-10.86,-0.87,2.02,33.65,100.73,120.49
1778269550.1097915,47685,-14.44,-5.09,3.83,-92.10,44.45,56.59
1778269550.1118083,47707,-19.62,-12.38,6.21,-226.66,-72.14,-48.93
1778269550.1131551,47729,-16.47,-5.73,16.49,-184.02,-154.11,-183.53
1778269550.169518,47751,1.89,-18.54,19.62,-106.48,-44.83,-47.66
1778269550.1713262,47773,-3.15,2.35,7.95,-15.08,-5.82,1.03
1778269550.1725073,47795,-5.08,4.42,5.37,-7.04,-1.57,3.85
1778269550.2295947,47817,-4.67,5.77,8.36,-7.46,-3.15,0.09
1778269550.2307522,47839,-4.54,3.68,6.49,-14.72,-6.86,-1.08
1778269550.2316124,47861,-4.38,3.11,7.11,-7.05,-1.94,1.72
1778269550.289028,47883,-4.38,3.43,6.73,-1.47,1.35,2.90
1778269550.2903383,47905,-4.51,3.54,6.69,0.59,2.31,2.78
1778269550.3495154,47927,-4.33,3.74,6.54,-2.12,0.85,1.51
1778269550.3512266,47949,-4.42,3.45,6.81,-1.31,1.76,0.42
1778269550.352499,47971,-4.33,3.57,6.57,-2.34,2.15,0.73
1778269550.4091642,47993,-4.37,3.57,6.51,-3.31,2.11,0.46
1778269550.4106803,48015,-4.44,3.57,6.71,-6.97,0.39,-1.21
1778269550.4119804,48037,-4.33,3.44,6.67,-8.97,-0.49,-2.72
1778269550.4689214,48059,-4.37,3.51,6.72,-8.94,-0.26,-2.97
1778269550.4704132,48081,-4.43,3.39,6.78,-7.69,0.69,-2.89
1778269550.4713917,48103,-4.36,3.62,6.73,-7.97,-0.01,-3.61
1778269550.529099,48125,-4.24,3.32,6.75,-8.85,0.31,-3.78
1778269550.5304031,48147,-4.58,3.42,6.70,-7.06,1.05,-3.48
1778269550.589275,48169,-4.44,3.28,6.72,-5.98,1.50,-3.77
1778269550.590955,48191,-4.51,3.36,6.60,-4.89,2.31,-3.30
1778269550.5918934,48213,-4.48,3.19,6.70,-4.18,2.24,-3.67
1778269550.6491702,48235,-4.49,3.29,6.69,-2.72,3.69,-3.56
1778269550.6505876,48257,-4.41,3.30,6.82,-1.97,5.69,-3.75
1778269550.6516654,48279,-4.54,3.44,6.61,-1.50,8.02,-5.00
1778269550.7092986,48301,-4.49,3.37,6.63,-2.14,12.11,-7.61
1778269550.7107823,48323,-4.58,3.30,6.58,1.07,17.79,-9.53
1778269550.769427,48345,-4.49,3.22,6.71,5.05,23.71,-13.89
1778269550.7710228,48367,-4.27,3.52,6.86,9.70,37.39,-23.02
1778269550.771658,48389,-4.05,3.79,6.63,16.51,66.55,-40.19
1778269550.829273,48411,-3.64,3.47,7.07,12.91,97.96,-52.24
1778269550.8311372,48433,-4.36,4.03,6.36,-2.94,127.78,-68.20
1778269550.8321605,48455,-5.08,4.93,6.18,-29.11,154.11,-86.19
1778269550.889219,48477,-6.43,5.11,5.93,-66.65,172.87,-117.40
1778269550.8906674,48499,-7.72,4.39,6.42,-97.39,181.94,-156.21
1778269550.8917143,48521,-9.46,2.26,7.09,-97.48,189.13,-187.03
1778269550.949267,48543,-11.06,2.19,5.59,-45.69,195.07,-195.62
1778269551.0093408,48565,-13.57,11.09,16.22,35.56,121.51,-144.49
1778269551.069259,48587,-2.69,10.78,13.46,31.79,-34.19,-119.56
1778269551.0705562,48609,-1.39,9.17,10.02,52.19,-101.46,-102.17
1778269551.071404,48631,-1.59,10.04,7.11,74.98,-133.40,-67.89
1778269551.0723171,48653,-1.22,9.80,3.95,58.48,-135.48,-30.34
1778269551.0732164,48675,-2.02,7.00,5.00,65.89,-109.27,15.94
1778269551.0742092,48697,-3.81,6.71,6.13,89.46,-80.71,71.59
1778269551.1300929,48719,-4.74,5.97,6.63,83.47,-75.49,109.56
1778269551.1317346,48741,-5.33,4.17,7.06,67.57,-70.52,130.31
1778269551.1328347,48763,-6.14,2.80,6.87,69.80,-59.50,146.11
1778269551.1890662,48785,-8.55,2.31,8.58,64.50,-53.91,145.37
1778269551.1905086,48807,-7.66,1.91,8.08,48.87,-71.11,132.02
1778269551.2489684,48829,-8.35,0.79,7.93,49.97,-72.24,107.80
1778269551.2501235,48851,-7.57,1.46,6.85,55.00,-66.11,84.82
1778269551.2509665,48873,-7.07,1.81,5.93,29.24,-71.73,51.98
1778269551.3094094,48895,-6.84,0.88,5.78,29.04,-61.23,29.40
1778269551.311352,48917,-6.74,1.65,6.64,69.49,-41.31,33.57
1778269551.312447,48939,-7.26,2.73,5.23,109.87,-14.68,56.27
1778269551.369725,48961,-9.20,3.00,4.94,123.08,4.47,75.68
1778269551.371268,48983,-12.21,1.06,3.22,82.53,27.85,73.98
1778269551.4292538,49005,-11.62,-0.77,5.24,61.47,25.31,75.21
1778269551.4895415,49027,-11.97,-2.16,3.98,49.22,34.69,82.08
1778269551.4911864,49049,-12.68,-4.59,2.30,-5.84,31.86,55.27
1778269551.492197,49071,-15.30,-8.62,-1.48,-60.63,30.02,-9.73
1778269551.4931962,49093,-19.62,-19.62,-1.28,-167.82,13.25,-118.35
1778269551.4945638,49115,-12.60,15.99,4.33,-219.63,-127.64,-95.18
1778269551.5492752,49137,-2.90,0.31,8.99,-86.31,-41.03,-37.48
1778269551.551478,49159,-2.70,3.47,7.21,-20.76,-11.50,-8.11
1778269551.5523968,49181,-4.78,3.07,6.88,-20.03,-10.08,-6.80
1778269551.6092818,49203,-4.55,3.70,6.44,-22.18,-10.54,-5.27
1778269551.6110103,49225,-4.34,2.96,7.11,-18.05,-9.77,-3.99
1778269551.670858,49247,-4.38,2.85,6.91,-13.12,-5.31,-3.39
1778269551.672474,49269,-4.43,3.10,6.81,-8.33,-0.56,-1.45
1778269551.6732578,49291,-4.49,3.19,6.91,-5.56,1.40,-1.05
1778269551.7296693,49313,-4.46,3.41,6.83,-5.10,1.90,-1.08
1778269551.7321446,49335,-4.38,3.23,6.88,-4.37,3.11,-1.48
1778269551.7333074,49357,-4.30,3.05,6.90,-2.25,4.92,-1.64
1778269551.7901015,49379,-4.41,3.21,6.79,-0.12,6.15,-1.55
1778269551.7917051,49401,-4.54,3.45,6.64,-0.89,4.87,-2.31
1778269551.7926514,49423,-4.56,3.27,6.73,-2.15,3.15,-3.52
1778269551.8501515,49445,-4.43,3.20,6.78,-2.21,3.30,-3.84
1778269551.8520103,49467,-4.49,3.27,6.73,-2.53,3.40,-4.18
1778269551.9101214,49489,-4.45,3.22,6.76,-2.79,3.63,-4.89
1778269551.9123068,49511,-4.44,3.11,6.98,-1.88,4.27,-4.78
1778269551.913397,49533,-4.48,3.03,6.79,-2.24,4.63,-5.19
1778269551.969548,49555,-4.52,3.22,6.75,-2.61,4.63,-5.63
1778269551.97141,49577,-4.58,3.13,6.83,-1.73,4.20,-5.25
1778269551.9726992,49599,-4.52,3.13,6.73,-0.77,5.34,-4.54
1778269552.0300188,49621,-4.58,3.16,6.72,-0.95,5.81,-5.79
1778269552.031599,49643,-4.57,3.10,6.75,-0.74,6.94,-6.38
1778269552.090367,49665,-4.64,3.08,6.70,0.48,10.08,-7.09
1778269552.091785,49687,-4.60,3.16,6.66,2.99,16.02,-8.55
1778269552.0926108,49709,-4.51,3.09,6.80,5.03,24.27,-10.34
1778269552.1494696,49731,-4.63,3.44,6.79,7.90,35.15,-17.37
1778269552.1514328,49753,-4.50,3.85,6.45,8.80,56.43,-32.57
1778269552.1530128,49775,-4.17,4.13,7.00,1.53,84.82,-48.79
1778269552.209732,49797,-4.48,5.01,6.90,-20.85,123.12,-69.99
1778269552.2117198,49819,-5.25,5.77,6.67,-79.46,151.41,-102.82
1778269552.2130258,49841,-6.92,4.26,7.81,-117.97,168.08,-143.66
1778269552.2701883,49863,-7.90,4.01,6.93,-137.58,170.97,-189.21
1778269552.2720597,49885,-12.05,3.07,8.63,-126.34,154.61,-220.33
1778269552.3300745,49907,-13.84,8.20,12.66,-89.97,143.01,-203.76
1778269552.3334916,49929,-4.20,15.04,12.94,-12.76,-13.81,-97.23
1778269552.3349178,49951,1.12,11.00,5.16,7.68,-52.00,-70.40
1778269552.389567,49973,-1.83,10.71,6.80,60.92,-66.90,-39.76
1778269552.3911219,49995,-2.38,10.79,5.56,77.30,-90.76,0.06
1778269552.3923163,50017,-2.15,8.43,5.05,84.01,-90.71,38.12
1778269552.4502459,50039,-3.57,6.56,6.48,100.31,-82.36,71.73
1778269552.4516451,50061,-4.75,6.33,7.34,95.09,-88.42,99.09
1778269552.4525895,50083,-5.12,4.94,7.97,87.31,-92.49,119.14
1778269552.5105426,50105,-5.00,3.90,6.93,91.26,-75.48,133.92
1778269552.5128324,50127,-5.66,4.48,7.85,89.58,-58.37,146.68
1778269552.5692732,50149,-6.22,4.59,8.05,83.79,-48.55,153.89
1778269552.5707798,50171,-6.67,2.89,8.69,99.74,-39.78,158.23
1778269552.5717027,50193,-6.95,2.24,9.12,112.42,-31.69,149.84
1778269552.629481,50215,-8.50,2.12,9.50,114.37,-27.74,130.02
1778269552.6311219,50237,-7.75,-0.93,8.87,113.10,-30.25,110.46
1778269552.63193,50259,-9.65,1.60,7.04,137.33,-14.09,95.44
1778269552.68944,50281,-9.44,1.01,6.51,61.26,-24.98,77.79
1778269552.7493353,50303,-9.96,-0.51,5.42,84.29,-0.33,91.34
1778269552.7515862,50325,-9.78,-0.97,3.88,43.09,15.12,87.94
1778269552.7529252,50347,-10.93,-3.24,3.75,12.93,31.11,71.60
1778269552.7539098,50369,-11.79,-5.07,2.13,-37.07,39.19,23.56
1778269552.809942,50391,-16.33,-10.87,2.72,-93.99,36.76,-46.36
1778269552.8125496,50413,-19.62,-19.62,-5.78,-162.05,35.62,-173.95
1778269552.8143156,50435,-13.16,5.53,18.95,-167.11,-124.41,-109.61
1778269552.8700795,50457,-1.76,-0.41,7.87,-135.67,-41.83,-49.54
1778269552.8715143,50479,-3.67,4.28,7.13,-66.22,-35.00,-33.57
1778269552.8724587,50501,-4.33,3.25,2.86,-42.95,-31.21,-12.90
1778269552.9310393,50523,-3.88,2.91,6.77,-21.37,-15.72,-10.26
1778269552.9328709,50545,-4.08,3.25,7.15,-10.46,-7.36,-5.01
1778269552.9891713,50567,-4.24,3.32,7.01,-5.73,-1.60,-3.06
1778269552.9908223,50589,-4.49,3.38,6.62,-4.84,0.60,-1.81
1778269552.9923103,50611,-4.34,3.49,6.84,-5.36,1.91,-1.94
1778269553.049221,50633,-4.29,3.40,6.88,-4.66,2.69,-1.33
1778269553.051042,50655,-4.28,3.19,6.93,-3.89,3.97,-0.82
1778269553.0527797,50677,-4.30,3.13,6.92,-2.31,4.81,-0.42
1778269553.1093464,50699,-4.40,3.32,6.96,-1.66,4.02,0.09
1778269553.112207,50721,-4.40,3.37,6.78,-1.95,2.08,-0.11
1778269553.113616,50744,-4.40,3.28,6.90,-0.86,-0.54,-0.62
1778269553.169752,50766,-4.28,3.39,6.80,-2.34,-1.92,-1.18
1778269553.171352,50788,-4.20,3.34,6.95,-2.77,-1.34,-1.22
1778269553.2303946,50810,-4.20,3.39,6.78,-1.80,1.21,-0.39
1778269553.23195,50832,-4.30,3.33,6.87,-2.12,1.84,-0.69
1778269553.232914,50854,-4.25,3.35,6.78,-3.43,0.85,-1.27
1778269553.2897851,50876,-4.28,3.34,6.83,-2.76,1.15,-2.23
1778269553.2909214,50898,-4.25,3.37,6.80,-3.48,1.70,-2.09
1778269553.292056,50920,-4.28,3.25,6.90,-2.26,2.85,-1.00
1778269553.3500679,50942,-4.29,3.25,6.71,-0.95,3.53,-1.02
1778269553.351708,50964,-4.33,3.27,6.83,-0.35,5.08,-2.34
1778269553.408424,50986,-4.42,3.42,6.86,0.67,7.09,-2.61
1778269553.4098344,51008,-4.37,3.36,6.72,1.65,9.07,-3.94
1778269553.4109411,51030,-4.42,3.29,6.81,1.81,11.37,-6.53
1778269553.4704404,51052,-4.36,3.59,6.51,3.68,18.96,-13.53
1778269553.472187,51074,-4.31,3.67,6.66,7.98,33.60,-25.14
1778269553.473255,51096,-3.98,3.81,6.99,13.47,61.71,-35.69
1778269553.529286,51118,-3.79,4.33,7.27,8.36,99.98,-59.36
1778269553.5306516,51140,-4.11,5.79,7.17,-25.97,139.31,-85.16
1778269553.531774,51162,-6.12,5.28,6.78,-79.88,163.17,-116.34
1778269553.5899775,51184,-7.87,4.19,7.66,-108.75,157.27,-161.91
1778269553.591419,51206,-11.10,5.80,7.66,-105.60,147.56,-194.76
1778269553.7119744,51228,-13.92,3.28,8.46,-95.81,115.73,-216.26
1778269553.7144036,51250,-12.11,10.39,11.31,-51.25,43.76,-159.71
1778269553.7156363,51272,0.12,10.63,5.22,-44.52,-18.18,-103.85
1778269553.716682,51294,0.34,8.80,5.09,14.31,-20.31,-60.51
1778269553.717628,51316,-1.35,11.30,5.34,31.78,-42.93,-17.52
1778269553.7185462,51338,-2.19,9.13,5.94,25.68,-69.08,21.54
1778269553.770337,51360,-1.78,7.66,4.99,36.92,-77.31,54.02
1778269553.7721305,51382,-4.79,6.00,8.61,56.47,-81.53,77.76
1778269553.7748399,51404,-5.03,4.79,6.90,74.95,-94.19,94.60
1778269553.8305788,51426,-6.17,3.75,6.87,84.18,-94.69,104.59
1778269553.8320823,51448,-6.27,2.98,6.64,97.21,-84.00,109.39
1778269553.8891764,51470,-7.18,2.59,6.07,107.90,-72.11,110.08
1778269553.894595,51492,-9.09,2.81,7.60,109.29,-57.30,106.79
1778269553.896416,51514,-9.11,2.71,7.72,91.75,-54.95,98.20
1778269553.9495666,51536,-8.71,0.99,7.94,70.64,-42.72,82.53
1778269553.951831,51558,-7.06,0.12,7.74,34.29,-46.84,52.53
1778269553.9530165,51580,-6.23,-1.45,7.32,27.00,-26.55,29.02
1778269554.0108187,51602,-6.58,-0.41,7.99,42.91,-5.46,23.72
1778269554.0124304,51624,-6.60,1.97,6.60,70.44,18.63,46.60
1778269554.0703588,51646,-7.83,3.59,5.89,98.98,42.50,88.46
1778269554.0733185,51668,-7.23,4.59,4.70,77.90,58.02,113.23
1778269554.0745597,51690,-7.72,3.19,4.40,48.70,68.53,118.31
1778269554.1305478,51712,-9.32,2.50,5.22,18.95,73.31,112.94
1778269554.133212,51734,-9.25,0.35,5.37,-1.07,69.54,106.97
1778269554.134912,51756,-10.02,-1.37,5.31,-9.53,63.01,87.23
1778269554.1902616,51778,-11.75,-4.22,5.43,-34.92,31.93,42.38
1778269554.1926064,51800,-12.30,-8.21,4.70,-82.07,-6.78,-29.08
1778269554.1946821,51822,-19.62,-17.65,4.53,-210.98,-95.92,-122.36
1778269554.2508447,51844,-6.19,13.36,6.63,-166.31,-99.06,-76.63
1778269554.2522016,51866,-3.25,0.42,11.35,-95.91,-32.29,-36.38
1778269554.3104274,51888,-3.80,3.54,6.43,-5.08,-7.20,-4.20
1778269554.370144,51910,-5.44,4.24,8.00,-24.72,-5.79,-6.50
1778269554.3723812,51932,-4.92,3.94,6.21,-30.89,-12.97,-9.19
1778269554.3735638,51954,-4.25,3.68,6.52,-30.68,-14.82,-6.64
1778269554.3745027,51976,-4.14,2.90,7.20,-22.89,-12.74,-4.12
1778269554.3755276,51998,-4.24,2.87,7.28,-11.13,-5.25,-0.15
1778269554.430091,52020,-4.28,3.09,7.01,-1.99,0.88,2.92
1778269554.4318917,52042,-4.31,3.51,6.82,-0.66,2.18,3.79
1778269554.4330297,52064,-4.31,3.58,7.08,-3.56,1.76,2.79
1778269554.489336,52086,-4.23,3.42,6.86,-2.79,3.01,1.68
1778269554.4910603,52108,-4.16,3.27,6.90,-1.58,4.28,1.92
1778269554.5495594,52130,-4.22,3.33,6.83,-0.51,5.08,2.53
1778269554.5515392,52152,-4.30,3.46,6.80,-1.76,4.05,1.33
1778269554.552852,52174,-4.25,3.58,6.64,-4.40,1.73,-0.83
1778269554.611647,52196,-4.33,3.44,6.81,-5.32,0.92,-1.89
1778269554.6139967,52218,-4.29,3.57,6.80,-4.66,1.62,-2.08
1778269554.615606,52240,-4.31,3.40,6.84,-2.83,1.98,-2.35
1778269554.6694477,52262,-4.29,3.37,6.88,-2.68,2.16,-2.07
1778269554.670908,52284,-4.28,3.42,6.77,-2.96,2.53,-2.56
1778269554.729285,52306,-4.36,3.32,6.99,-3.40,2.89,-3.41
1778269554.731,52328,-4.47,3.47,6.48,-5.27,2.43,-3.48
1778269554.7320595,52350,-4.37,3.26,6.73,-4.09,3.15,-4.73
1778269554.7892954,52372,-4.42,3.23,6.91,-2.65,4.26,-5.13
1778269554.7907436,52394,-4.42,3.30,6.80,-0.98,6.14,-5.05
1778269554.791781,52416,-4.38,3.29,6.67,0.24,8.65,-6.26
1778269554.849372,52438,-4.44,3.26,6.69,1.47,11.05,-8.57
1778269554.8511243,52460,-4.37,3.36,6.78,2.48,14.56,-10.96
1778269554.852219,52482,-4.50,3.17,6.72,4.71,18.16,-12.14
1778269554.909508,52504,-4.56,3.47,6.54,4.53,22.39,-15.64
1778269554.9115055,52526,-4.43,3.48,6.69,7.04,35.36,-24.16
1778269554.9707446,52548,-3.97,3.49,6.93,10.76,60.53,-38.08
1778269554.9722977,52570,-3.65,3.96,6.89,5.72,94.16,-50.35
1778269554.97307,52592,-4.00,4.50,6.70,-14.14,129.47,-69.94
1778269555.0295677,52614,-5.25,4.95,6.57,-57.99,161.64,-102.04
1778269555.0313623,52636,-6.96,5.33,6.59,-97.21,179.40,-139.89
1778269555.0331783,52658,-8.16,4.21,6.99,-119.05,180.49,-190.16
1778269555.089509,52680,-10.86,3.82,8.31,-121.82,176.89,-222.27
1778269555.0915918,52702,-13.55,4.10,7.29,-118.85,156.35,-235.23
1778269555.0928576,52724,-13.80,9.12,16.28,-73.87,77.69,-165.05
1778269555.1507943,52746,-0.80,9.63,9.13,-2.79,-23.25,-91.61
1778269555.1519272,52768,0.43,9.59,6.31,17.39,-47.91,-71.02
1778269555.2089975,52790,-1.47,10.59,6.26,31.37,-70.89,-33.40
1778269555.2105815,52812,-1.60,9.77,5.40,28.86,-93.94,17.32
1778269555.2119167,52834,-2.39,7.03,4.93,51.77,-93.59,70.76
1778269555.269275,52856,-4.29,5.02,5.74,78.73,-85.98,106.24
1778269555.2710767,52878,-6.52,3.24,7.23,85.06,-94.34,124.73
1778269555.2720518,52900,-7.59,2.75,7.17,87.79,-104.95,141.98
1778269555.329721,52922,-7.61,1.75,5.51,89.94,-99.50,150.15
1778269555.331783,52944,-7.62,1.52,5.23,99.67,-77.47,154.37
1778269555.3911905,52966,-10.75,1.91,7.60,95.31,-68.04,146.16
1778269555.3928115,52988,-10.51,1.14,7.20,70.52,-78.37,124.89
1778269555.3937075,53010,-8.51,-1.00,5.79,59.75,-74.15,92.20
1778269555.4504664,53032,-8.30,-0.84,6.75,58.49,-68.51,57.44
1778269555.452079,53054,-7.38,-0.48,6.99,66.39,-55.18,36.41
1778269555.4534283,53076,-7.18,0.33,7.52,85.12,-36.50,36.96
1778269555.509759,53098,-7.38,1.36,6.45,107.00,-11.76,58.49
1778269555.5117733,53120,-6.77,3.55,4.40,76.92,4.95,70.14
1778269555.5129845,53142,-9.15,2.09,4.43,49.98,34.34,72.93
1778269555.56957,53164,-11.43,-1.04,5.18,28.34,43.34,77.15
1778269555.5712092,53186,-12.14,-3.65,4.18,0.76,39.72,69.32
1778269555.6289551,53208,-13.71,-8.10,2.46,-46.55,28.14,22.09
1778269555.630479,53230,-19.62,-13.97,2.80,-167.99,-49.13,-62.85
1778269555.6312337,53252,-12.03,10.71,9.45,-206.07,-113.66,-102.92
1778269555.690773,53274,0.91,-7.41,16.13,-24.55,-19.09,-26.36
1778269555.6923451,53296,-2.68,2.79,6.12,11.01,2.86,0.19
1778269555.6932755,53318,-5.65,9.72,3.00,-38.53,-13.66,-0.11
1778269555.7488732,53340,-4.62,4.56,6.03,-14.66,-7.66,-2.98
1778269555.75001,53362,-4.42,3.43,7.02,-21.81,-13.03,-4.60
1778269555.7508209,53384,-4.11,2.69,7.49,-16.50,-10.84,-4.89
1778269555.8092203,53406,-4.37,3.16,8.03,-6.40,-3.73,-2.51
1778269555.81103,53428,-4.28,3.48,6.94,-3.02,0.36,-1.96
1778269555.870165,53450,-4.44,3.61,6.69,-5.02,-0.77,-2.59
1778269555.8720734,53472,-4.32,3.66,6.80,-7.89,-3.05,-3.95
1778269555.873375,53494,-4.22,3.25,6.86,-7.74,-2.48,-4.53
1778269555.9291348,53516,-4.11,3.10,7.06,-4.82,1.00,-3.73
1778269555.930655,53538,-4.16,3.12,6.96,-3.35,2.59,-2.98
1778269555.931743,53560,-4.32,3.12,6.88,-3.82,2.45,-3.07
1778269555.9891386,53582,-4.26,3.24,6.89,-3.49,2.21,-2.64
1778269555.9904594,53604,-4.30,3.18,6.79,-2.41,3.35,-2.03
1778269556.050349,53626,-4.25,3.20,6.88,-1.59,4.40,-2.74
1778269556.051982,53648,-4.30,3.14,6.89,-1.66,4.38,-2.95
1778269556.0528464,53670,-4.33,3.30,6.88,-2.21,4.18,-2.52
1778269556.1100383,53692,-4.31,3.14,6.90,-1.99,3.92,-3.07
1778269556.1136618,53714,-4.26,3.00,6.75,-1.09,4.30,-3.34
1778269556.1149943,53736,-4.31,3.12,7.02,-1.56,5.12,-2.95
1778269556.1719239,53758,-4.39,3.13,6.81,-1.34,6.47,-4.29
1778269556.174256,53780,-4.35,3.17,6.78,1.50,9.23,-6.21
1778269556.1755598,53802,-4.39,3.33,6.78,2.23,12.63,-8.47
1778269556.2300115,53824,-4.42,3.41,6.68,1.90,15.37,-9.69
1778269556.2328982,53846,-4.41,3.30,6.77,0.56,16.50,-10.92
1778269556.2902644,53868,-3.87,3.84,6.71,-2.03,24.96,-19.53
1778269556.2923565,53890,-3.78,4.11,6.58,-3.00,52.92,-35.11
1778269556.295344,53912,-3.92,4.56,7.39,-14.98,86.89,-49.31
1778269556.3491232,53934,-3.84,5.71,7.24,-49.08,122.56,-74.66
1778269556.3510697,53956,-6.04,6.01,7.41,-96.85,155.33,-108.89
1778269556.3524308,53978,-7.72,5.29,7.47,-136.43,149.78,-168.32
1778269556.4097261,54000,-7.62,3.87,7.46,-144.08,151.33,-228.34
1778269556.4118068,54022,-11.47,4.21,7.29,-186.53,115.01,-250.14
1778269556.4128926,54044,-11.55,3.11,8.27,-178.45,112.07,-250.14
1778269556.4696002,54066,-12.88,5.35,14.19,-87.71,9.85,-181.24
1778269556.5294967,54088,0.83,11.64,4.92,18.12,-27.25,-83.86
1778269556.531505,54110,0.90,11.30,-0.98,22.90,6.13,-20.63
1778269556.5330071,54132,-0.92,10.46,5.70,29.24,-0.13,45.58
1778269556.534437,54154,-1.75,8.64,5.96,21.81,-22.09,82.18
1778269556.6492493,54176,-2.44,6.45,6.80,38.20,-45.36,109.23
1778269556.6512055,54198,-7.02,-0.97,14.35,76.76,-64.85,114.87
1778269556.6525605,54220,-6.29,1.43,9.57,102.39,-104.69,115.11
1778269556.653575,54242,-6.26,0.49,8.27,115.78,-118.95,106.97
1778269556.6546056,54264,-7.24,0.49,6.96,129.21,-116.83,108.00
1778269556.6555853,54286,-7.81,1.14,6.87,132.39,-102.23,109.39
1778269556.7097805,54308,-8.14,1.83,6.01,134.47,-82.41,111.90
1778269556.7117252,54330,-8.26,2.79,5.25,121.87,-57.87,115.56
1778269556.7697337,54352,-7.94,3.50,5.55,102.84,-31.03,126.79
1778269556.7710116,54374,-8.03,2.12,6.53,78.63,-11.63,132.86
1778269556.7719467,54396,-10.44,1.68,9.58,45.18,-17.50,117.57
1778269556.8293347,54418,-7.65,-1.48,8.09,32.92,-15.53,95.69
1778269556.8313243,54440,-7.84,-0.32,6.82,79.76,12.40,96.05
1778269556.832477,54462,-9.18,1.79,6.92,72.61,23.79,99.34
1778269556.8897245,54484,-10.58,-1.79,6.02,50.15,52.59,81.44
1778269556.89138,54506,-12.03,-2.62,5.72,32.59,48.37,80.45
1778269556.9493756,54528,-12.17,-2.54,5.11,7.18,44.74,82.89
1778269556.9508693,54550,-11.44,-5.62,3.54,-51.76,31.66,53.03
1778269556.951998,54572,-13.87,-10.96,1.30,-112.00,28.00,-7.31
1778269557.0093203,54594,-19.43,-19.62,6.37,-250.14,-70.47,-76.47
1778269557.011334,54616,-11.91,9.37,6.10,-88.40,-73.09,-46.67
1778269557.0125241,54638,-6.65,-1.88,10.97,-38.39,-17.70,-14.75
1778269557.0693474,54660,-5.40,5.18,6.10,-17.79,-6.02,-2.09
1778269557.0709288,54682,-5.38,3.88,6.34,-17.86,-9.68,-4.96
1778269557.072156,54704,-4.59,3.11,6.87,-22.47,-14.07,-5.93
1778269557.129174,54726,-4.09,3.62,6.07,-16.94,-11.82,-2.56
1778269557.1305425,54748,-4.12,2.80,7.29,-9.07,-5.34,-0.75
1778269557.1894405,54770,-4.11,3.12,7.05,-1.56,1.86,0.40
1778269557.1909893,54792,-4.35,3.39,6.91,-1.18,3.16,0.73
1778269557.1917105,54814,-4.40,3.39,6.94,-3.60,1.74,-0.50
1778269557.2494302,54836,-4.24,3.32,6.97,-3.54,2.69,-1.13
1778269557.2513509,54858,-4.32,3.24,7.13,-2.85,4.23,-1.12
1778269557.2521234,54880,-4.14,3.27,6.85,-1.98,5.76,-1.49
1778269557.309127,54902,-4.25,3.42,7.05,-3.11,4.71,-3.14
1778269557.3102095,54924,-4.31,3.29,6.79,-5.24,2.05,-4.73
1778269557.3685868,54946,-4.20,3.07,7.07,-5.56,1.54,-4.82
1778269557.3697548,54968,-4.34,3.20,6.90,-4.93,2.07,-4.99
1778269557.3707952,54990,-4.25,3.09,6.89,-4.21,2.86,-5.81
1778269557.42915,55012,-4.38,3.24,6.87,-4.15,4.27,-5.83
1778269557.4308383,55034,-4.40,3.09,6.96,-4.48,4.18,-5.83
1778269557.432007,55056,-4.42,3.00,6.88,-3.61,3.77,-5.73
1778269557.4893656,55078,-4.39,3.13,6.88,-3.81,3.59,-4.75
1778269557.4905474,55100,-4.46,3.03,6.88,-2.37,5.21,-4.79
1778269557.491771,55122,-4.40,3.08,6.90,-0.91,7.53,-5.16
1778269557.5500448,55144,-4.41,3.12,6.81,0.88,11.18,-6.67
1778269557.5521777,55166,-4.47,3.23,6.76,1.33,17.13,-8.24
1778269557.6084278,55188,-4.33,3.09,6.99,1.89,22.95,-9.34
1778269557.609466,55210,-4.46,3.46,6.76,1.23,32.99,-14.89
1778269557.6106186,55232,-4.38,3.61,6.86,-1.44,52.66,-28.55
1778269557.670468,55254,-4.03,3.74,7.30,-4.31,81.05,-41.43
1778269557.6719632,55276,-4.34,4.91,7.24,-26.08,111.20,-61.47
1778269557.6733344,55298,-5.28,5.73,7.38,-69.00,140.52,-91.30
1778269557.7289805,55320,-6.26,4.21,7.79,-106.68,154.52,-131.21
1778269557.7305102,55342,-6.86,3.39,6.83,-126.74,155.21,-175.14
1778269557.7314823,55364,-10.98,3.16,8.81,-126.11,157.37,-201.82
1778269557.7892644,55386,-12.81,1.98,7.74,-107.47,143.43,-203.11
1778269557.790369,55408,-12.60,7.92,13.12,-39.05,75.48,-139.36
1778269557.8483992,55430,0.11,10.05,7.43,4.39,-10.43,-80.43
1778269557.849341,55452,-0.43,8.92,6.46,25.05,-31.28,-55.73
1778269557.850343,55474,-2.46,9.08,7.35,44.74,-59.62,-22.80
1778269557.9089,55496,-3.07,8.41,6.10,43.42,-85.76,11.58
1778269557.9098437,55518,-3.32,7.05,5.52,50.69,-88.64,43.79
1778269557.9105177,55540,-4.17,5.72,6.12,62.60,-84.05,69.93
1778269557.9687395,55562,-5.39,4.63,6.57,65.53,-80.63,88.35
1778269557.969918,55584,-6.15,3.96,6.45,69.39,-77.87,105.94
1778269558.0291457,55606,-6.41,3.29,6.27,72.46,-68.81,117.98
1778269558.0305436,55628,-6.98,3.07,6.05,79.37,-56.61,125.50
1778269558.0316725,55650,-7.48,3.02,6.11,78.74,-44.60,126.34
1778269558.0893543,55672,-8.12,3.03,6.61,71.53,-36.01,125.04
1778269558.090791,55694,-7.58,3.59,6.14,62.17,-37.00,123.45
1778269558.0915594,55716,-6.90,2.96,6.57,62.29,-32.49,121.63
1778269558.14915,55738,-8.92,3.29,7.52,60.78,-22.50,112.50
1778269558.1503916,55760,-7.47,1.53,7.10,44.76,-35.56,93.87
1778269558.1515346,55782,-7.68,2.06,7.62,72.27,-21.18,80.54
1778269558.2093225,55804,-8.98,2.02,9.10,106.29,-4.09,94.05
1778269558.2111971,55826,-10.88,-0.57,5.06,133.69,18.23,104.97
1778269558.268871,55848,-9.92,-3.69,4.44,37.24,6.44,71.85
1778269558.2701552,55870,-13.19,-6.42,5.36,55.53,20.72,58.42
1778269558.2711542,55892,-13.76,-7.45,4.05,-6.15,12.95,19.21
1778269558.3293724,55914,-16.69,-13.65,1.73,-92.48,7.69,-43.81
1778269558.3310483,55936,-19.62,-19.62,4.51,-250.14,-89.85,-148.02
1778269558.3318925,55958,-13.23,10.91,11.21,-133.40,-70.54,-57.47
1778269558.3891435,55980,-11.05,-0.10,15.03,-80.05,-30.22,-22.84
1778269558.3907077,56002,-5.88,5.40,6.45,-34.06,-14.65,-5.20
1778269558.3915107,56024,-4.66,2.39,7.73,-21.37,-14.15,-7.25
1778269558.4495547,56046,-4.21,2.85,7.14,-13.36,-11.53,-5.05
1778269558.4511955,56068,-4.37,3.19,6.86,-7.93,-6.53,-2.31
1778269558.5088966,56090,-4.09,3.18,7.16,-3.58,-3.45,-1.68
1778269558.510421,56112,-4.33,3.20,6.90,-0.97,0.55,-0.92
1778269558.5113912,56134,-4.34,3.36,7.04,-1.96,1.19,-0.77
1778269558.5692263,56156,-4.26,3.46,6.94,-2.49,2.76,-0.37
1778269558.570434,56178,-4.14,3.26,6.98,-2.45,3.37,-0.90
1778269558.5711262,56200,-4.14,3.28,6.90,-1.47,4.63,-0.58
1778269558.6316793,56222,-4.14,3.21,7.07,-1.55,5.09,-0.43
1778269558.632696,56244,-4.28,3.24,6.91,-1.48,3.90,-0.72
1778269558.6916244,56266,-4.27,3.35,6.90,-1.50,2.58,-0.44
1778269558.692882,56288,-4.22,3.35,6.90,-1.97,1.96,-0.37
1778269558.6938336,56310,-4.17,3.25,7.00,-3.01,1.85,-1.11
1778269558.749637,56332,-4.27,3.34,7.00,-1.92,1.66,-1.09
1778269558.7522962,56354,-4.30,3.25,6.96,-1.82,1.85,-1.37
1778269558.7533226,56376,-4.32,3.35,6.82,-1.67,2.12,-1.69
1778269558.809425,56398,-4.29,3.25,6.86,-1.96,1.60,-2.14
1778269558.8115847,56420,-4.20,3.27,6.99,-1.83,1.56,-2.66
1778269558.812965,56442,-4.14,3.25,6.92,-0.56,2.73,-2.71
1778269558.8692403,56464,-4.24,3.17,6.91,0.66,4.67,-3.56
1778269558.931756,56486,-4.34,3.33,6.90,1.95,6.70,-5.39
1778269558.93399,56508,-4.33,3.64,6.64,-0.18,8.53,-7.70
1778269558.9355974,56530,-4.24,3.52,6.71,-1.23,12.61,-13.34
1778269558.9369235,56552,-4.14,4.27,6.34,-2.98,27.89,-28.48
1778269558.9893658,56574,-3.42,4.92,6.74,-8.88,52.36,-41.89
1778269558.9913151,56596,-3.46,5.54,7.70,-44.29,97.34,-71.25
1778269558.992725,56618,-3.41,3.10,8.18,-81.98,145.49,-99.60
1778269559.049531,56640,-6.20,4.46,8.42,-101.56,182.90,-138.64
1778269559.0527594,56662,-7.73,5.32,8.05,-123.76,178.59,-195.05
1778269559.0552673,56684,-11.82,6.51,9.82,-164.23,150.31,-243.53
1778269559.110611,56706,-14.87,4.18,9.29,-173.37,126.40,-250.14
1778269559.1144485,56728,-15.77,6.18,15.59,-96.60,61.73,-184.48
1778269559.170358,56750,2.52,12.05,7.13,-0.99,-2.18,-93.40
1778269559.1721456,56772,2.63,10.84,4.72,30.44,5.44,-44.59
1778269559.173603,56794,-2.05,10.15,7.14,55.92,-3.43,-3.24
1778269559.229275,56816,-1.83,9.18,6.68,59.09,-47.25,34.21
1778269559.2310457,56838,-2.02,5.53,5.72,64.20,-67.75,58.66
1778269559.2330997,56860,-3.63,2.91,7.59,118.59,-90.63,69.31
1778269559.2893367,56882,-5.17,1.32,7.24,134.79,-106.80,66.29
1778269559.291438,56904,-6.68,0.80,7.52,151.05,-113.59,70.87
1778269559.3491352,56926,-6.69,1.71,6.92,155.76,-105.16,80.52
1778269559.350682,56948,-8.10,0.31,6.41,145.76,-82.76,84.17
1778269559.3515456,56970,-7.93,2.28,5.82,135.24,-53.02,100.92
1778269559.4091032,56992,-8.38,3.43,6.82,95.21,-31.36,116.44
1778269559.4108412,57014,-7.94,2.85,7.08,54.17,-14.53,126.73
1778269559.4121783,57036,-6.23,1.59,5.93,42.72,10.21,136.70
1778269559.4694304,57058,-8.63,2.67,8.02,16.65,14.37,130.24
1778269559.4720905,57080,-6.57,-0.32,7.34,3.56,17.03,116.91
1778269559.4738874,57102,-7.59,0.35,7.76,44.37,36.84,114.92
1778269559.5320983,57124,-8.12,1.29,6.52,71.46,38.49,125.24
1778269559.5335805,57146,-10.67,1.60,7.80,94.39,46.53,136.76
1778269559.590636,57168,-10.24,0.86,3.32,76.47,57.56,117.49
1778269559.5924482,57190,-10.10,-2.07,2.99,12.67,56.23,87.34
1778269559.593628,57212,-13.38,-5.88,3.03,0.54,67.15,61.66
1778269559.651236,57234,-17.75,-4.91,-1.54,-103.83,22.53,-1.00
1778269559.6533656,57256,-19.62,-19.62,6.67,-245.09,-117.14,-115.78
1778269559.655416,57278,-11.49,19.62,-1.25,-205.54,-137.02,-101.78
1778269559.711588,57300,-4.82,-8.99,16.40,-76.95,-43.46,-42.21
1778269559.714237,57322,-3.67,3.22,7.26,-1.20,1.10,-0.63
1778269559.7155006,57344,-5.30,3.65,6.21,-11.40,-2.86,0.26
1778269559.7698948,57366,-4.03,6.88,8.15,-16.52,-5.23,-3.18
1778269559.7714036,57388,-4.37,3.33,6.77,-17.81,-9.35,-2.11
1778269559.8303719,57410,-4.15,2.73,7.33,-11.67,-4.82,-1.02
1778269559.8319452,57432,-4.11,3.23,7.13,-5.18,1.11,0.96
1778269559.8330035,57454,-4.30,3.36,6.91,-2.60,3.75,1.73
1778269559.8917472,57476,-4.34,3.47,6.69,-3.77,3.08,1.06
1778269559.8934855,57498,-4.27,3.33,6.75,-3.15,4.01,0.69
1778269559.8948596,57520,-4.17,3.30,6.92,-1.07,5.81,0.50
1778269559.9496298,57542,-4.25,3.32,6.76,-0.59,6.65,-0.20
1778269559.9524264,57564,-4.25,3.49,6.72,-2.10,5.80,-1.19
1778269560.0089617,57586,-4.36,3.35,6.80,-4.63,3.55,-3.12
1778269560.0103092,57608,-4.44,3.40,6.69,-5.40,2.64,-3.91
1778269560.0113218,57630,-4.18,3.25,6.80,-4.53,2.72,-4.66
1778269560.0685894,57652,-4.33,3.31,6.87,-4.29,2.66,-4.83
1778269560.069608,57674,-4.38,3.31,6.59,-3.24,2.50,-5.69
1778269560.0703053,57696,-4.42,3.27,6.86,-2.42,3.33,-6.56
1778269560.130305,57718,-4.36,3.14,6.86,-1.74,4.06,-7.60
1778269560.131923,57740,-4.40,3.25,6.78,-2.02,4.47,-9.37
1778269560.1335418,57762,-4.45,3.14,6.76,-3.60,3.11,-9.63
1778269560.1887667,57784,-4.52,3.23,6.75,-3.05,4.44,-8.89
1778269560.1900415,57806,-4.41,3.04,7.00,-1.49,7.37,-8.59
1778269560.2496898,57828,-4.45,3.19,6.81,-0.24,10.08,-10.08
1778269560.251813,57850,-4.70,3.37,6.70,1.35,14.89,-13.32
1778269560.2530882,57872,-4.36,3.19,6.72,3.15,23.03,-16.31
1778269560.3134615,57894,-4.46,3.26,6.72,6.03,34.80,-20.57
1778269560.3152335,57916,-4.46,3.59,6.74,7.08,54.19,-31.11
1778269560.3169103,57938,-4.22,4.37,7.33,0.11,79.40,-44.21
1778269560.3697333,57960,-4.28,4.27,7.28,-12.66,116.18,-59.95
1778269560.371976,57982,-5.19,5.69,7.32,-52.03,149.61,-85.31
1778269560.373427,58004,-5.95,4.71,6.93,-94.08,171.22,-126.00
1778269560.430176,58026,-7.25,3.75,7.21,-112.82,179.66,-166.53
1778269560.4325085,58048,-11.15,3.11,9.14,-106.60,185.02,-202.33
1778269560.4904675,58070,-13.21,2.36,7.97,-73.90,180.23,-217.01
1778269560.4922628,58092,-13.09,9.03,15.35,4.51,84.19,-150.39
1778269560.4934556,58114,-1.87,7.84,9.32,39.65,-14.95,-127.40
1778269560.5495238,58136,-1.62,8.09,7.90,61.88,-65.62,-111.73
1778269560.5512216,58158,-2.35,9.92,5.97,60.50,-95.79,-75.45
1778269560.5523515,58180,-2.01,10.07,4.32,45.00,-103.21,-20.91
1778269560.609527,58202,-1.83,8.20,3.40,47.98,-77.95,39.43
1778269560.6113384,58224,-3.47,6.41,5.26,60.15,-60.28,87.20
1778269560.6688557,58246,-6.26,3.85,6.82,59.98,-69.18,112.99
1778269560.6706555,58268,-6.40,2.59,6.84,65.57,-82.05,130.32
1778269560.6722467,58290,-6.58,1.67,5.97,66.69,-76.44,135.62
1778269560.7299547,58312,-7.76,1.18,6.18,69.44,-67.31,136.27
1778269560.7331347,58334,-8.90,1.68,6.41,75.50,-59.22,134.65
1778269560.7344184,58356,-9.48,2.41,6.15,60.98,-63.68,128.21
1778269560.7898731,58378,-8.39,1.56,5.32,57.05,-58.81,116.09
1778269560.7912333,58400,-7.24,1.22,5.57,59.47,-51.98,104.15
1778269560.7926955,58422,-9.63,0.84,7.55,44.28,-56.78,76.31
1778269560.8494704,58444,-8.49,-2.11,6.98,22.20,-62.56,32.67
1778269560.850915,58466,-8.12,-2.66,7.32,42.31,-57.56,-3.73
1778269560.9696467,58488,-7.44,-1.18,7.15,58.92,-51.63,-22.63
1778269560.9714746,58510,-7.06,0.63,6.66,75.47,-33.03,-15.89
1778269560.9727857,58532,-7.91,2.41,6.18,98.11,-9.39,20.53
1778269560.973836,58554,-8.27,3.21,4.11,66.32,14.22,48.47
1778269560.9743977,58576,-10.17,-0.41,4.28,9.85,35.99,59.66
1778269560.975196,58598,-13.05,-3.19,3.86,-30.57,45.02,71.43
1778269561.02972,58620,-16.23,-5.05,-3.62,-144.63,23.39,62.27
1778269561.092906,58642,-19.62,-19.62,9.77,-250.14,-7.89,-11.53
1778269561.1516201,58664,0.72,1.49,5.46,88.00,-30.47,-2.74
1778269561.1537445,58686,-4.51,-5.16,12.80,7.40,11.73,-14.35
1778269561.1552944,58708,-3.20,0.37,8.95,-20.21,-5.85,-5.22
1778269561.156331,58730,-4.99,4.61,4.96,-23.92,-11.82,-3.98
1778269561.1572196,58752,-4.52,3.07,7.04,-14.21,-7.49,-3.12
1778269561.1585116,58774,-4.49,3.42,7.40,-11.40,-4.05,-2.37
1778269561.2090952,58796,-4.19,2.99,7.06,-6.96,-1.87,-1.64
1778269561.210657,58818,-4.25,3.25,6.92,-3.99,1.18,-1.17
1778269561.2121031,58840,-4.19,3.28,7.00,-3.79,2.50,-0.55
1778269561.2697265,58862,-4.30,3.45,6.90,-3.32,2.71,-1.24
1778269561.270969,58884,-4.14,3.15,6.97,-3.92,4.06,-1.75
1778269561.3319345,58906,-4.22,3.16,7.02,-2.05,6.24,-1.66
1778269561.3350391,58928,-4.01,3.13,6.73,-2.27,7.04,-2.49
1778269561.3373399,58950,-4.29,3.25,6.84,-2.50,6.00,-3.25
1778269561.3893313,58972,-4.33,3.23,6.81,-3.29,4.93,-4.43
1778269561.3907044,58994,-4.27,3.04,6.97,-2.79,4.68,-4.82
1778269561.3920846,59016,-4.36,3.24,6.85,-3.35,4.70,-5.12
1778269561.4491107,59038,-4.39,3.10,6.93,-3.14,5.16,-5.88
1778269561.4506526,59060,-4.43,3.19,6.95,-3.31,5.35,-6.06
1778269561.4515364,59082,-4.48,3.15,6.89,-3.58,4.13,-5.32
1778269561.5091918,59104,-4.35,3.10,6.79,-3.02,4.36,-5.64
1778269561.5688303,59126,-4.37,3.03,6.93,-1.57,6.27,-5.35
1778269561.5706356,59148,-4.46,3.04,6.94,0.55,8.36,-4.99
1778269561.571862,59170,-4.35,3.10,6.86,2.17,11.24,-6.58
1778269561.5725586,59192,-4.56,3.23,6.67,2.91,13.21,-7.60
1778269561.6291704,59214,-4.32,3.24,6.85,2.79,17.73,-10.34
1778269561.6307185,59236,-4.30,3.54,6.66,3.79,29.40,-17.48
1778269561.6317644,59258,-4.43,3.66,6.86,2.77,51.15,-30.31
1778269561.6891272,59280,-3.91,4.00,7.14,-5.18,79.19,-45.33
1778269561.6904848,59302,-3.98,4.33,7.22,-22.41,116.89,-60.72
1778269561.6913843,59324,-4.81,4.76,7.55,-54.00,154.39,-84.50
1778269561.7490332,59346,-5.80,4.23,6.89,-87.06,178.34,-121.71
1778269561.750401,59368,-7.73,5.03,7.22,-123.87,173.17,-170.08
1778269561.8095076,59390,-10.53,3.07,8.55,-136.76,167.52,-219.96
1778269561.8109727,59412,-13.55,2.31,6.21,-120.28,156.19,-239.55
1778269561.8120804,59434,-12.97,5.95,12.16,-76.65,135.71,-214.57
1778269561.8693974,59456,-5.45,9.04,11.88,14.04,-2.16,-126.60
1778269561.870773,59478,-0.88,9.53,5.26,21.51,-43.66,-107.03
1778269561.8715494,59500,-1.26,11.33,6.36,35.99,-68.22,-63.50
1778269561.9296026,59522,-2.34,11.19,5.64,42.91,-78.68,-4.17
1778269561.9351864,59544,-1.44,9.01,3.90,46.02,-79.83,48.51
1778269561.9896126,59566,-2.50,7.81,4.78,60.51,-70.27,94.11
1778269561.9914327,59588,-6.66,4.04,13.06,78.46,-73.65,114.20
1778269561.992484,59610,-6.87,1.52,8.93,98.40,-96.39,118.23
1778269562.0501637,59632,-7.69,-0.21,7.79,109.09,-109.65,113.51
1778269562.051581,59654,-7.71,0.11,6.84,124.33,-102.78,111.89
1778269562.052509,59676,-7.71,0.04,6.38,126.09,-83.97,108.89
1778269562.1093194,59698,-7.58,0.82,6.41,118.39,-62.55,106.16
1778269562.1115935,59720,-8.13,2.12,6.95,96.69,-57.39,103.98
1778269562.1130304,59742,-7.43,1.57,6.51,68.71,-51.67,96.40
1778269562.1698654,59764,-7.60,0.99,7.81,64.47,-26.68,95.11
1778269562.1720698,59786,-7.67,1.09,8.32,31.63,-30.68,78.14
1778269562.2317405,59808,-6.33,-0.43,7.87,38.56,-21.30,67.73
1778269562.2335322,59830,-7.08,1.30,6.89,78.45,-0.02,79.26
1778269562.2343993,59852,-6.30,3.14,4.27,77.56,18.04,84.21
1778269562.288954,59874,-7.49,1.09,5.11,64.04,37.46,88.28
1778269562.2906587,59896,-8.79,-0.72,4.95,36.78,58.61,75.73
1778269562.2918339,59918,-11.29,-1.98,6.35,26.66,58.36,71.97
1778269562.348497,59940,-13.15,-5.14,5.76,-15.40,27.06,49.94
1778269562.349514,59962,-14.10,-12.71,1.16,-82.53,-1.86,-26.26
1778269562.3502884,59984,-19.62,-19.62,-0.75,-250.14,-95.04,-137.96
1778269562.4092708,60006,-17.35,9.46,2.13,-184.05,-84.69,-39.49
1778269562.4107318,60028,-8.20,2.39,9.26,-38.92,-11.91,-2.73
1778269562.4692972,60050,-4.85,3.92,5.58,-12.66,-5.37,-4.33
1778269562.471248,60072,-3.75,3.21,6.20,-17.81,-8.80,-7.52
1778269562.472376,60094,-4.39,3.05,6.79,-20.50,-12.44,-4.70
1778269562.5299177,60116,-4.04,2.79,6.97,-13.80,-7.20,-3.21
1778269562.531971,60138,-4.16,2.85,7.21,-7.05,-2.45,-2.56
1778269562.5332532,60160,-4.31,3.13,6.97,-3.55,1.56,-2.06
1778269562.5888507,60182,-4.44,3.15,6.84,-4.22,2.50,-2.05
1778269562.5905387,60204,-4.21,3.31,6.83,-4.43,2.86,-2.96
1778269562.649347,60226,-4.28,3.18,6.91,-2.73,4.85,-3.97
1778269562.6521409,60248,-4.26,3.24,6.95,-1.34,6.30,-4.32
1778269562.6533682,60270,-4.45,3.34,6.87,-1.72,7.24,-5.38
1778269562.7090921,60292,-4.41,3.22,6.84,-3.05,6.30,-6.68
1778269562.7114172,60314,-4.44,3.07,6.88,-4.18,5.60,-7.39
1778269562.7124293,60336,-4.27,3.13,7.08,-3.87,7.19,-8.33
1778269562.769515,60358,-4.46,3.06,7.00,-3.87,8.02,-8.02
1778269562.7710445,60380,-4.56,3.13,6.60,-3.19,8.99,-8.46
1778269562.7721474,60402,-4.50,3.02,6.80,-2.58,7.73,-8.75
1778269562.8291805,60424,-4.51,2.92,6.81,-2.34,7.08,-7.54
1778269562.8309553,60446,-4.61,2.98,6.87,-2.27,6.38,-6.40
1778269562.8891988,60468,-4.55,2.84,6.75,-1.85,6.69,-6.21
1778269562.9501414,60490,-4.50,3.07,6.81,-0.91,9.69,-7.67
1778269562.9519422,60512,-4.51,3.04,6.80,0.06,15.60,-9.91
1778269562.9531589,60534,-4.42,3.10,6.89,0.31,24.61,-14.43
1778269562.9543693,60556,-4.41,3.23,6.82,-1.52,37.74,-17.98
1778269562.9553347,60578,-4.30,3.31,6.86,-2.76,56.35,-24.47
1778269563.0092394,60600,-4.32,4.46,7.09,-11.49,85.04,-40.67
1778269563.0110404,60622,-4.67,5.34,6.90,-40.83,118.90,-64.81
1778269563.0122461,60644,-5.38,5.21,7.40,-86.88,150.69,-101.57
1778269563.069616,60666,-6.87,5.30,7.76,-126.15,165.59,-150.50
1778269563.0708876,60688,-8.12,4.42,6.95,-152.84,166.06,-208.44
1778269563.129517,60710,-13.00,3.44,8.67,-171.06,147.94,-234.38
1778269563.1309264,60732,-14.50,6.62,10.22,-180.62,106.33,-225.35
1778269563.1320088,60754,-9.60,7.35,11.72,-68.38,2.92,-123.23
1778269563.189337,60776,2.92,10.48,2.27,-7.65,5.59,-64.48
1778269563.191061,60798,-1.76,9.87,4.64,17.79,9.35,-26.67
1778269563.1920602,60820,-2.16,10.08,7.02,34.03,-41.49,21.97
1778269563.250978,60842,-1.63,7.06,5.78,39.36,-72.17,44.43
1778269563.252381,60864,-2.32,6.24,5.91,69.97,-76.98,66.68
